2020-10-29 11:36:44,ERROR,  PLC写入25000到25000失败:PLC未连接  
2020-10-29 11:36:46,ERROR,  PLC写入25000到25000失败:PLC未连接  
2020-10-29 16:36:30.154,WARN,  流程开始  
2020-10-29 16:36:31.962,DEBUG,  Write Address:25000; Value:[1]  
2020-10-29 16:36:31.988,INFO,  生产总数:0;良品数:0;  
2020-10-29 16:36:32.018,INFO,  生产良率:0;同心距:0;角度:0;  
2020-10-29 16:36:32.044,INFO,  检测结果:0;  
2020-10-29 16:36:32.077,INFO,  Mes连接成功  
2020-10-29 16:36:32.089,DEBUG,  Write Address:25000; Value:[2]  
2020-10-29 16:36:50.654,ERROR,  扫码枪扫码失败  
2020-10-29 16:36:50.680,DEBUG,  Write Address:25000; Value:[3]  
2020-10-29 16:36:50.717,WARN,  流程停止  
2020-10-29 16:36:59.947,WARN,  流程开始  
2020-10-29 16:36:59.973,INFO,  生产总数:0;良品数:0;  
2020-10-29 16:37:00.007,INFO,  生产良率:0;同心距:0;角度:0;  
2020-10-29 16:37:00.020,INFO,  检测结果:0;  
2020-10-29 16:37:00.041,DEBUG,  Write Address:25000; Value:[2]  
2020-10-29 16:37:00.075,INFO,  生产总数:0;良品数:0;  
2020-10-29 16:37:00.088,INFO,  生产良率:0;同心距:0;角度:0;  
2020-10-29 16:37:00.110,INFO,  检测结果:0;  
2020-10-29 16:37:00.122,DEBUG,  Write Address:25000; Value:[2]  
2020-10-29 16:37:00.156,INFO,  生产总数:0;良品数:0;  
2020-10-29 16:37:00.178,INFO,  生产良率:0;同心距:0;角度:0;  
2020-10-29 16:37:00.191,INFO,  检测结果:0;  
2020-10-29 16:37:00.212,DEBUG,  Write Address:25000; Value:[2]  
2020-10-29 16:37:00.247,INFO,  生产总数:0;良品数:0;  
2020-10-29 16:37:00.259,INFO,  生产良率:0;同心距:0;角度:0;  
2020-10-29 16:37:00.281,INFO,  检测结果:0;  
2020-10-29 16:37:00.293,DEBUG,  Write Address:25000; Value:[2]  
2020-10-29 16:37:00.326,INFO,  生产总数:0;良品数:0;  
2020-10-29 16:37:00.348,INFO,  生产良率:0;同心距:0;角度:0;  
2020-10-29 16:37:00.361,INFO,  检测结果:0;  
2020-10-29 16:37:00.382,DEBUG,  Write Address:25000; Value:[2]  
2020-10-29 16:37:00.416,INFO,  生产总数:0;良品数:0;  
2020-10-29 16:37:00.432,INFO,  生产良率:0;同心距:0;角度:0;  
2020-10-29 16:37:00.452,INFO,  检测结果:0;  
2020-10-29 16:37:00.464,DEBUG,  Write Address:25000; Value:[2]  
2020-10-29 16:37:00.497,INFO,  生产总数:0;良品数:0;  
2020-10-29 16:37:00.519,INFO,  生产良率:0;同心距:0;角度:0;  
2020-10-29 16:37:00.531,INFO,  检测结果:0;  
2020-10-29 16:37:00.552,DEBUG,  Write Address:25000; Value:[2]  
2020-10-29 16:37:00.586,INFO,  生产总数:0;良品数:0;  
2020-10-29 16:37:00.599,INFO,  生产良率:0;同心距:0;角度:0;  
2020-10-29 16:37:00.621,INFO,  检测结果:0;  
2020-10-29 16:37:00.633,DEBUG,  Write Address:25000; Value:[2]  
2020-10-29 16:37:00.666,INFO,  生产总数:0;良品数:0;  
2020-10-29 16:37:00.688,INFO,  生产良率:0;同心距:0;角度:0;  
2020-10-29 16:37:00.702,INFO,  检测结果:0;  
2020-10-29 16:37:00.723,DEBUG,  Write Address:25000; Value:[2]  
2020-10-29 16:37:00.757,INFO,  生产总数:0;良品数:0;  
2020-10-29 16:37:00.770,INFO,  生产良率:0;同心距:0;角度:0;  
2020-10-29 16:37:00.792,INFO,  检测结果:0;  
2020-10-29 16:37:00.803,DEBUG,  Write Address:25000; Value:[2]  
2020-10-29 16:37:00.837,INFO,  生产总数:0;良品数:0;  
2020-10-29 16:37:00.859,INFO,  生产良率:0;同心距:0;角度:0;  
2020-10-29 16:37:00.873,INFO,  检测结果:0;  
2020-10-29 16:37:00.893,DEBUG,  Write Address:25000; Value:[2]  
2020-10-29 16:37:00.927,INFO,  生产总数:0;良品数:0;  
2020-10-29 16:37:00.944,INFO,  生产良率:0;同心距:0;角度:0;  
2020-10-29 16:37:00.962,INFO,  检测结果:0;  
2020-10-29 16:37:00.974,DEBUG,  Write Address:25000; Value:[2]  
2020-10-29 16:37:01.007,INFO,  生产总数:0;良品数:0;  
2020-10-29 16:37:01.029,INFO,  生产良率:0;同心距:0;角度:0;  
2020-10-29 16:37:01.041,INFO,  检测结果:0;  
2020-10-29 16:37:01.062,DEBUG,  Write Address:25000; Value:[2]  
2020-10-29 16:37:01.094,INFO,  生产总数:0;良品数:0;  
2020-10-29 16:37:01.107,INFO,  生产良率:0;同心距:0;角度:0;  
2020-10-29 16:37:01.128,INFO,  检测结果:0;  
2020-10-29 16:37:01.140,DEBUG,  Write Address:25000; Value:[2]  
2020-10-29 16:37:01.173,INFO,  生产总数:0;良品数:0;  
2020-10-29 16:37:01.195,INFO,  生产良率:0;同心距:0;角度:0;  
2020-10-29 16:37:01.207,INFO,  检测结果:0;  
2020-10-29 16:37:01.229,DEBUG,  Write Address:25000; Value:[2]  
2020-10-29 16:37:01.262,INFO,  生产总数:0;良品数:0;  
2020-10-29 16:37:01.275,INFO,  生产良率:0;同心距:0;角度:0;  
2020-10-29 16:37:01.298,INFO,  检测结果:0;  
2020-10-29 16:37:01.309,DEBUG,  Write Address:25000; Value:[2]  
2020-10-29 16:37:01.342,INFO,  生产总数:0;良品数:0;  
2020-10-29 16:37:01.366,INFO,  生产良率:0;同心距:0;角度:0;  
2020-10-29 16:37:01.379,INFO,  检测结果:0;  
2020-10-29 16:37:01.399,DEBUG,  Write Address:25000; Value:[2]  
2020-10-29 16:37:01.433,INFO,  生产总数:0;良品数:0;  
2020-10-29 16:37:01.447,INFO,  生产良率:0;同心距:0;角度:0;  
2020-10-29 16:37:01.471,INFO,  检测结果:0;  
2020-10-29 16:37:01.482,DEBUG,  Write Address:25000; Value:[2]  
2020-10-29 16:37:01.516,INFO,  生产总数:0;良品数:0;  
2020-10-29 16:37:01.537,INFO,  生产良率:0;同心距:0;角度:0;  
2020-10-29 16:37:01.550,INFO,  检测结果:0;  
2020-10-29 16:37:01.572,DEBUG,  Write Address:25000; Value:[2]  
2020-10-29 16:37:01.605,INFO,  生产总数:0;良品数:0;  
2020-10-29 16:37:01.621,INFO,  生产良率:0;同心距:0;角度:0;  
2020-10-29 16:37:01.640,INFO,  检测结果:0;  
2020-10-29 16:37:01.651,DEBUG,  Write Address:25000; Value:[2]  
2020-10-29 16:37:01.683,INFO,  生产总数:0;良品数:0;  
2020-10-29 16:37:01.705,INFO,  生产良率:0;同心距:0;角度:0;  
2020-10-29 16:37:01.718,INFO,  检测结果:0;  
2020-10-29 16:37:01.739,DEBUG,  Write Address:25000; Value:[2]  
2020-10-29 16:37:01.775,INFO,  生产总数:0;良品数:0;  
2020-10-29 16:37:01.787,INFO,  生产良率:0;同心距:0;角度:0;  
2020-10-29 16:37:01.809,INFO,  检测结果:0;  
2020-10-29 16:37:01.821,DEBUG,  Write Address:25000; Value:[2]  
2020-10-29 16:37:01.854,INFO,  生产总数:0;良品数:0;  
2020-10-29 16:37:01.876,INFO,  生产良率:0;同心距:0;角度:0;  
2020-10-29 16:37:01.892,INFO,  检测结果:0;  
2020-10-29 16:37:01.909,DEBUG,  Write Address:25000; Value:[2]  
2020-10-29 16:37:01.941,INFO,  生产总数:0;良品数:0;  
2020-10-29 16:37:01.953,INFO,  生产良率:0;同心距:0;角度:0;  
2020-10-29 16:37:01.976,INFO,  检测结果:0;  
2020-10-29 16:37:01.987,DEBUG,  Write Address:25000; Value:[2]  
2020-10-29 16:37:02.020,INFO,  生产总数:0;良品数:0;  
2020-10-29 16:37:02.043,INFO,  生产良率:0;同心距:0;角度:0;  
2020-10-29 16:37:02.056,INFO,  检测结果:0;  
2020-10-29 16:37:02.077,DEBUG,  Write Address:25000; Value:[2]  
2020-10-29 16:37:02.111,INFO,  生产总数:0;良品数:0;  
2020-10-29 16:37:02.127,INFO,  生产良率:0;同心距:0;角度:0;  
2020-10-29 16:37:02.148,INFO,  检测结果:0;  
2020-10-29 16:37:02.160,DEBUG,  Write Address:25000; Value:[2]  
2020-10-29 16:37:02.193,INFO,  生产总数:0;良品数:0;  
2020-10-29 16:37:02.215,INFO,  生产良率:0;同心距:0;角度:0;  
2020-10-29 16:37:02.228,INFO,  检测结果:0;  
2020-10-29 16:37:02.249,DEBUG,  Write Address:25000; Value:[2]  
2020-10-29 16:37:02.283,INFO,  生产总数:0;良品数:0;  
2020-10-29 16:37:02.296,INFO,  生产良率:0;同心距:0;角度:0;  
2020-10-29 16:37:02.318,INFO,  检测结果:0;  
2020-10-29 16:37:02.330,DEBUG,  Write Address:25000; Value:[2]  
2020-10-29 16:37:02.362,INFO,  生产总数:0;良品数:0;  
2020-10-29 16:37:02.384,INFO,  生产良率:0;同心距:0;角度:0;  
2020-10-29 16:37:02.398,INFO,  检测结果:0;  
2020-10-29 16:37:02.419,DEBUG,  Write Address:25000; Value:[2]  
2020-10-29 16:37:02.452,INFO,  生产总数:0;良品数:0;  
2020-10-29 16:37:02.464,INFO,  生产良率:0;同心距:0;角度:0;  
2020-10-29 16:37:02.488,INFO,  检测结果:0;  
2020-10-29 16:37:02.501,DEBUG,  Write Address:25000; Value:[2]  
2020-10-29 16:37:02.534,INFO,  生产总数:0;良品数:0;  
2020-10-29 16:37:02.555,INFO,  生产良率:0;同心距:0;角度:0;  
2020-10-29 16:37:02.568,INFO,  检测结果:0;  
2020-10-29 16:37:02.589,DEBUG,  Write Address:25000; Value:[2]  
2020-10-29 16:37:02.622,INFO,  生产总数:0;良品数:0;  
2020-10-29 16:37:02.638,INFO,  生产良率:0;同心距:0;角度:0;  
2020-10-29 16:37:02.657,INFO,  检测结果:0;  
2020-10-29 16:37:02.669,DEBUG,  Write Address:25000; Value:[2]  
2020-10-29 16:37:02.703,INFO,  生产总数:0;良品数:0;  
2020-10-29 16:37:02.727,INFO,  生产良率:0;同心距:0;角度:0;  
2020-10-29 16:37:02.739,INFO,  检测结果:0;  
2020-10-29 16:37:02.760,DEBUG,  Write Address:25000; Value:[2]  
2020-10-29 16:37:02.793,INFO,  生产总数:0;良品数:0;  
2020-10-29 16:37:02.805,INFO,  生产良率:0;同心距:0;角度:0;  
2020-10-29 16:37:02.827,INFO,  检测结果:0;  
2020-10-29 16:37:02.838,DEBUG,  Write Address:25000; Value:[2]  
2020-10-29 16:37:02.871,INFO,  生产总数:0;良品数:0;  
2020-10-29 16:37:02.893,INFO,  生产良率:0;同心距:0;角度:0;  
2020-10-29 16:37:02.907,INFO,  检测结果:0;  
2020-10-29 16:37:02.927,DEBUG,  Write Address:25000; Value:[2]  
2020-10-29 16:37:02.961,INFO,  生产总数:0;良品数:0;  
2020-10-29 16:37:02.974,INFO,  生产良率:0;同心距:0;角度:0;  
2020-10-29 16:37:02.997,INFO,  检测结果:0;  
2020-10-29 16:37:03.009,DEBUG,  Write Address:25000; Value:[2]  
2020-10-29 16:37:03.043,INFO,  生产总数:0;良品数:0;  
2020-10-29 16:37:03.064,INFO,  生产良率:0;同心距:0;角度:0;  
2020-10-29 16:37:03.078,INFO,  检测结果:0;  
2020-10-29 16:37:03.098,DEBUG,  Write Address:25000; Value:[2]  
2020-10-29 16:37:03.132,INFO,  生产总数:0;良品数:0;  
2020-10-29 16:37:03.145,INFO,  生产良率:0;同心距:0;角度:0;  
2020-10-29 16:37:03.168,INFO,  检测结果:0;  
2020-10-29 16:37:03.180,DEBUG,  Write Address:25000; Value:[2]  
2020-10-29 16:37:03.213,INFO,  生产总数:0;良品数:0;  
2020-10-29 16:37:03.236,INFO,  生产良率:0;同心距:0;角度:0;  
2020-10-29 16:37:03.250,INFO,  检测结果:0;  
2020-10-29 16:37:03.270,DEBUG,  Write Address:25000; Value:[2]  
2020-10-29 16:37:03.304,INFO,  生产总数:0;良品数:0;  
2020-10-29 16:37:03.322,INFO,  生产良率:0;同心距:0;角度:0;  
2020-10-29 16:37:03.339,INFO,  检测结果:0;  
2020-10-29 16:37:03.350,DEBUG,  Write Address:25000; Value:[2]  
2020-10-29 16:37:03.397,INFO,  生产总数:0;良品数:0;  
2020-10-29 16:37:03.410,INFO,  生产良率:0;同心距:0;角度:0;  
2020-10-29 16:37:03.427,INFO,  检测结果:0;  
2020-10-29 16:37:03.444,DEBUG,  Write Address:25000; Value:[2]  
2020-10-29 16:37:03.477,INFO,  生产总数:0;良品数:0;  
2020-10-29 16:37:03.489,INFO,  生产良率:0;同心距:0;角度:0;  
2020-10-29 16:37:03.514,INFO,  检测结果:0;  
2020-10-29 16:37:03.525,DEBUG,  Write Address:25000; Value:[2]  
2020-10-29 16:37:03.558,INFO,  生产总数:0;良品数:0;  
2020-10-29 16:37:03.580,INFO,  生产良率:0;同心距:0;角度:0;  
2020-10-29 16:37:03.593,INFO,  检测结果:0;  
2020-10-29 16:37:03.614,DEBUG,  Write Address:25000; Value:[2]  
2020-10-29 16:37:03.647,INFO,  生产总数:0;良品数:0;  
2020-10-29 16:37:03.659,INFO,  生产良率:0;同心距:0;角度:0;  
2020-10-29 16:37:03.683,INFO,  检测结果:0;  
2020-10-29 16:37:03.712,DEBUG,  Write Address:25000; Value:[2]  
2020-10-29 16:37:03.745,INFO,  生产总数:0;良品数:0;  
2020-10-29 16:37:03.760,INFO,  生产良率:0;同心距:0;角度:0;  
2020-10-29 16:37:03.780,INFO,  检测结果:0;  
2020-10-29 16:37:03.790,DEBUG,  Write Address:25000; Value:[1]  
2020-10-29 16:37:03.801,DEBUG,  Write Address:25000; Value:[2]  
2020-10-29 16:37:03.837,INFO,  生产总数:0;良品数:0;  
2020-10-29 16:37:03.857,INFO,  生产良率:0;同心距:0;角度:0;  
2020-10-29 16:37:03.869,INFO,  检测结果:0;  
2020-10-29 16:37:03.891,DEBUG,  Write Address:25000; Value:[2]  
2020-10-29 16:37:03.924,INFO,  生产总数:0;良品数:0;  
2020-10-29 16:37:03.936,INFO,  生产良率:0;同心距:0;角度:0;  
2020-10-29 16:37:03.959,INFO,  检测结果:0;  
2020-10-29 16:37:03.971,DEBUG,  Write Address:25000; Value:[2]  
2020-10-29 16:37:04.004,INFO,  生产总数:0;良品数:0;  
2020-10-29 16:37:04.026,INFO,  生产良率:0;同心距:0;角度:0;  
2020-10-29 16:37:04.039,INFO,  检测结果:0;  
2020-10-29 16:37:04.060,DEBUG,  Write Address:25000; Value:[2]  
2020-10-29 16:37:04.093,INFO,  生产总数:0;良品数:0;  
2020-10-29 16:37:04.107,INFO,  生产良率:0;同心距:0;角度:0;  
2020-10-29 16:37:04.129,INFO,  检测结果:0;  
2020-10-29 16:37:04.141,DEBUG,  Write Address:25000; Value:[2]  
2020-10-29 16:37:04.175,INFO,  生产总数:0;良品数:0;  
2020-10-29 16:37:04.197,INFO,  生产良率:0;同心距:0;角度:0;  
2020-10-29 16:37:04.209,INFO,  检测结果:0;  
2020-10-29 16:37:04.232,DEBUG,  Write Address:25000; Value:[2]  
2020-10-29 16:37:04.266,INFO,  生产总数:0;良品数:0;  
2020-10-29 16:37:04.278,INFO,  生产良率:0;同心距:0;角度:0;  
2020-10-29 16:37:04.299,INFO,  检测结果:0;  
2020-10-29 16:37:04.311,DEBUG,  Write Address:25000; Value:[2]  
2020-10-29 16:37:04.343,INFO,  生产总数:0;良品数:0;  
2020-10-29 16:37:04.366,INFO,  生产良率:0;同心距:0;角度:0;  
2020-10-29 16:37:04.379,INFO,  检测结果:0;  
2020-10-29 16:37:04.400,DEBUG,  Write Address:25000; Value:[2]  
2020-10-29 16:37:04.434,INFO,  生产总数:0;良品数:0;  
2020-10-29 16:37:04.452,INFO,  生产良率:0;同心距:0;角度:0;  
2020-10-29 16:37:04.470,INFO,  检测结果:0;  
2020-10-29 16:37:04.481,DEBUG,  Write Address:25000; Value:[2]  
2020-10-29 16:37:04.516,INFO,  生产总数:0;良品数:0;  
2020-10-29 16:37:04.538,INFO,  生产良率:0;同心距:0;角度:0;  
2020-10-29 16:37:04.550,INFO,  检测结果:0;  
2020-10-29 16:37:04.572,DEBUG,  Write Address:25000; Value:[2]  
2020-10-29 16:37:04.606,INFO,  生产总数:0;良品数:0;  
2020-10-29 16:37:04.619,INFO,  生产良率:0;同心距:0;角度:0;  
2020-10-29 16:37:04.641,INFO,  检测结果:0;  
2020-10-29 16:37:04.653,DEBUG,  Write Address:25000; Value:[2]  
2020-10-29 16:37:04.687,INFO,  生产总数:0;良品数:0;  
2020-10-29 16:37:04.708,INFO,  生产良率:0;同心距:0;角度:0;  
2020-10-29 16:37:04.721,INFO,  检测结果:0;  
2020-10-29 16:37:04.742,DEBUG,  Write Address:25000; Value:[2]  
2020-10-29 16:37:04.776,INFO,  生产总数:0;良品数:0;  
2020-10-29 16:37:04.795,INFO,  生产良率:0;同心距:0;角度:0;  
2020-10-29 16:37:04.812,INFO,  检测结果:0;  
2020-10-29 16:37:04.823,DEBUG,  Write Address:25000; Value:[2]  
2020-10-29 16:37:04.857,INFO,  生产总数:0;良品数:0;  
2020-10-29 16:37:04.878,INFO,  生产良率:0;同心距:0;角度:0;  
2020-10-29 16:37:04.893,INFO,  检测结果:0;  
2020-10-29 16:37:04.912,DEBUG,  Write Address:25000; Value:[2]  
2020-10-29 16:37:04.945,INFO,  生产总数:0;良品数:0;  
2020-10-29 16:37:04.962,INFO,  生产良率:0;同心距:0;角度:0;  
2020-10-29 16:37:04.979,INFO,  检测结果:0;  
2020-10-29 16:37:04.991,DEBUG,  Write Address:25000; Value:[2]  
2020-10-29 16:37:05.026,INFO,  生产总数:0;良品数:0;  
2020-10-29 16:37:05.047,INFO,  生产良率:0;同心距:0;角度:0;  
2020-10-29 16:37:05.059,INFO,  检测结果:0;  
2020-10-29 16:37:05.080,DEBUG,  Write Address:25000; Value:[2]  
2020-10-29 16:37:05.115,INFO,  生产总数:0;良品数:0;  
2020-10-29 16:37:05.130,INFO,  生产良率:0;同心距:0;角度:0;  
2020-10-29 16:37:05.150,INFO,  检测结果:0;  
2020-10-29 16:37:05.162,DEBUG,  Write Address:25000; Value:[2]  
2020-10-29 16:37:05.195,INFO,  生产总数:0;良品数:0;  
2020-10-29 16:37:05.217,INFO,  生产良率:0;同心距:0;角度:0;  
2020-10-29 16:37:05.228,INFO,  检测结果:0;  
2020-10-29 16:37:05.250,DEBUG,  Write Address:25000; Value:[2]  
2020-10-29 16:37:05.283,INFO,  生产总数:0;良品数:0;  
2020-10-29 16:37:05.296,INFO,  生产良率:0;同心距:0;角度:0;  
2020-10-29 16:37:05.319,INFO,  检测结果:0;  
2020-10-29 16:37:05.330,DEBUG,  Write Address:25000; Value:[2]  
2020-10-29 16:37:05.364,INFO,  生产总数:0;良品数:0;  
2020-10-29 16:37:05.388,INFO,  生产良率:0;同心距:0;角度:0;  
2020-10-29 16:37:05.416,INFO,  检测结果:0;  
2020-10-29 16:37:05.428,DEBUG,  Write Address:25000; Value:[2]  
2020-10-29 16:37:05.462,INFO,  生产总数:0;良品数:0;  
2020-10-29 16:37:05.476,INFO,  生产良率:0;同心距:0;角度:0;  
2020-10-29 16:37:05.499,INFO,  检测结果:0;  
2020-10-29 16:37:05.510,DEBUG,  Write Address:25000; Value:[2]  
2020-10-29 16:37:05.543,INFO,  生产总数:0;良品数:0;  
2020-10-29 16:37:05.565,INFO,  生产良率:0;同心距:0;角度:0;  
2020-10-29 16:37:05.581,INFO,  检测结果:0;  
2020-10-29 16:37:05.600,DEBUG,  Write Address:25000; Value:[2]  
2020-10-29 16:37:05.633,INFO,  生产总数:0;良品数:0;  
2020-10-29 16:37:05.646,INFO,  生产良率:0;同心距:0;角度:0;  
2020-10-29 16:37:05.669,INFO,  检测结果:0;  
2020-10-29 16:37:05.681,DEBUG,  Write Address:25000; Value:[2]  
2020-10-29 16:37:05.714,INFO,  生产总数:0;良品数:0;  
2020-10-29 16:37:05.736,INFO,  生产良率:0;同心距:0;角度:0;  
2020-10-29 16:37:05.751,INFO,  检测结果:0;  
2020-10-29 16:37:05.770,DEBUG,  Write Address:25000; Value:[2]  
2020-10-29 16:37:05.804,INFO,  生产总数:0;良品数:0;  
2020-10-29 16:37:05.816,INFO,  生产良率:0;同心距:0;角度:0;  
2020-10-29 16:37:05.838,INFO,  检测结果:0;  
2020-10-29 16:37:05.850,DEBUG,  Write Address:25000; Value:[2]  
2020-10-29 16:37:05.884,INFO,  生产总数:0;良品数:0;  
2020-10-29 16:37:05.906,INFO,  生产良率:0;同心距:0;角度:0;  
2020-10-29 16:37:05.917,INFO,  检测结果:0;  
2020-10-29 16:37:05.939,DEBUG,  Write Address:25000; Value:[2]  
2020-10-29 16:37:05.972,INFO,  生产总数:0;良品数:0;  
2020-10-29 16:37:05.989,INFO,  生产良率:0;同心距:0;角度:0;  
2020-10-29 16:37:06.010,INFO,  检测结果:0;  
2020-10-29 16:37:06.021,DEBUG,  Write Address:25000; Value:[2]  
2020-10-29 16:37:06.053,INFO,  生产总数:0;良品数:0;  
2020-10-29 16:37:06.076,INFO,  生产良率:0;同心距:0;角度:0;  
2020-10-29 16:37:06.088,INFO,  检测结果:0;  
2020-10-29 16:37:06.110,DEBUG,  Write Address:25000; Value:[2]  
2020-10-29 16:37:06.143,INFO,  生产总数:0;良品数:0;  
2020-10-29 16:37:06.155,INFO,  生产良率:0;同心距:0;角度:0;  
2020-10-29 16:37:06.180,INFO,  检测结果:0;  
2020-10-29 16:37:06.192,DEBUG,  Write Address:25000; Value:[2]  
2020-10-29 16:37:06.225,INFO,  生产总数:0;良品数:0;  
2020-10-29 16:37:06.247,INFO,  生产良率:0;同心距:0;角度:0;  
2020-10-29 16:37:06.265,INFO,  检测结果:0;  
2020-10-29 16:37:06.281,DEBUG,  Write Address:25000; Value:[2]  
2020-10-29 16:37:06.314,INFO,  生产总数:0;良品数:0;  
2020-10-29 16:37:06.327,INFO,  生产良率:0;同心距:0;角度:0;  
2020-10-29 16:37:06.349,INFO,  检测结果:0;  
2020-10-29 16:37:06.361,DEBUG,  Write Address:25000; Value:[2]  
2020-10-29 16:37:06.394,INFO,  生产总数:0;良品数:0;  
2020-10-29 16:37:06.417,INFO,  生产良率:0;同心距:0;角度:0;  
2020-10-29 16:37:06.431,INFO,  检测结果:0;  
2020-10-29 16:37:06.452,DEBUG,  Write Address:25000; Value:[2]  
2020-10-29 16:37:06.486,INFO,  生产总数:0;良品数:0;  
2020-10-29 16:37:06.499,INFO,  生产良率:0;同心距:0;角度:0;  
2020-10-29 16:37:06.523,INFO,  检测结果:0;  
2020-10-29 16:37:06.535,DEBUG,  Write Address:25000; Value:[2]  
2020-10-29 16:37:06.569,INFO,  生产总数:0;良品数:0;  
2020-10-29 16:37:06.592,INFO,  生产良率:0;同心距:0;角度:0;  
2020-10-29 16:37:06.605,INFO,  检测结果:0;  
2020-10-29 16:37:06.626,DEBUG,  Write Address:25000; Value:[2]  
2020-10-29 16:37:06.660,INFO,  生产总数:0;良品数:0;  
2020-10-29 16:37:06.673,INFO,  生产良率:0;同心距:0;角度:0;  
2020-10-29 16:37:06.695,INFO,  检测结果:0;  
2020-10-29 16:37:06.707,DEBUG,  Write Address:25000; Value:[2]  
2020-10-29 16:37:06.743,INFO,  生产总数:0;良品数:0;  
2020-10-29 16:37:06.762,INFO,  生产良率:0;同心距:0;角度:0;  
2020-10-29 16:37:06.774,INFO,  检测结果:0;  
2020-10-29 16:37:06.795,DEBUG,  Write Address:25000; Value:[2]  
2020-10-29 16:37:06.806,DEBUG,  Write Address:25000; Value:[1]  
2020-10-29 16:37:06.841,INFO,  生产总数:0;良品数:0;  
2020-10-29 16:37:06.877,INFO,  生产良率:0;同心距:0;角度:0;  
2020-10-29 16:37:06.901,INFO,  检测结果:0;  
2020-10-29 16:37:06.913,DEBUG,  Write Address:25000; Value:[2]  
2020-10-29 16:37:06.946,INFO,  生产总数:0;良品数:0;  
2020-10-29 16:37:06.957,INFO,  生产良率:0;同心距:0;角度:0;  
2020-10-29 16:37:06.970,INFO,  检测结果:0;  
2020-10-29 16:37:06.981,DEBUG,  Write Address:25000; Value:[2]  
2020-10-29 16:37:07.015,INFO,  生产总数:0;良品数:0;  
2020-10-29 16:37:07.031,INFO,  生产良率:0;同心距:0;角度:0;  
2020-10-29 16:37:07.044,INFO,  检测结果:0;  
2020-10-29 16:37:07.056,DEBUG,  Write Address:25000; Value:[2]  
2020-10-29 16:37:07.090,INFO,  生产总数:0;良品数:0;  
2020-10-29 16:37:07.105,INFO,  生产良率:0;同心距:0;角度:0;  
2020-10-29 16:37:07.117,INFO,  检测结果:0;  
2020-10-29 16:37:07.129,DEBUG,  Write Address:25000; Value:[2]  
2020-10-29 16:37:07.161,INFO,  生产总数:0;良品数:0;  
2020-10-29 16:37:07.174,INFO,  生产良率:0;同心距:0;角度:0;  
2020-10-29 16:37:07.187,INFO,  检测结果:0;  
2020-10-29 16:37:07.199,DEBUG,  Write Address:25000; Value:[2]  
2020-10-29 16:37:07.233,INFO,  生产总数:0;良品数:0;  
2020-10-29 16:37:07.247,INFO,  生产良率:0;同心距:0;角度:0;  
2020-10-29 16:37:07.260,INFO,  检测结果:0;  
2020-10-29 16:37:07.271,DEBUG,  Write Address:25000; Value:[2]  
2020-10-29 16:37:07.304,INFO,  生产总数:0;良品数:0;  
2020-10-29 16:37:07.320,INFO,  生产良率:0;同心距:0;角度:0;  
2020-10-29 16:37:07.332,INFO,  检测结果:0;  
2020-10-29 16:37:07.344,DEBUG,  Write Address:25000; Value:[2]  
2020-10-29 16:37:07.377,INFO,  生产总数:0;良品数:0;  
2020-10-29 16:37:07.389,INFO,  生产良率:0;同心距:0;角度:0;  
2020-10-29 16:37:07.403,INFO,  检测结果:0;  
2020-10-29 16:37:07.414,DEBUG,  Write Address:25000; Value:[2]  
2020-10-29 16:37:07.447,INFO,  生产总数:0;良品数:0;  
2020-10-29 16:37:07.460,INFO,  生产良率:0;同心距:0;角度:0;  
2020-10-29 16:37:07.473,INFO,  检测结果:0;  
2020-10-29 16:37:07.485,DEBUG,  Write Address:25000; Value:[2]  
2020-10-29 16:37:07.517,INFO,  生产总数:0;良品数:0;  
2020-10-29 16:37:07.530,INFO,  生产良率:0;同心距:0;角度:0;  
2020-10-29 16:37:07.544,INFO,  检测结果:0;  
2020-10-29 16:37:07.556,DEBUG,  Write Address:25000; Value:[2]  
2020-10-29 16:37:07.588,INFO,  生产总数:0;良品数:0;  
2020-10-29 16:37:07.601,INFO,  生产良率:0;同心距:0;角度:0;  
2020-10-29 16:37:07.613,INFO,  检测结果:0;  
2020-10-29 16:37:07.625,DEBUG,  Write Address:25000; Value:[2]  
2020-10-29 16:37:07.658,INFO,  生产总数:0;良品数:0;  
2020-10-29 16:37:07.675,INFO,  生产良率:0;同心距:0;角度:0;  
2020-10-29 16:37:07.687,INFO,  检测结果:0;  
2020-10-29 16:37:07.699,DEBUG,  Write Address:25000; Value:[2]  
2020-10-29 16:37:07.732,INFO,  生产总数:0;良品数:0;  
2020-10-29 16:37:07.751,INFO,  生产良率:0;同心距:0;角度:0;  
2020-10-29 16:37:07.762,INFO,  检测结果:0;  
2020-10-29 16:37:07.774,DEBUG,  Write Address:25000; Value:[2]  
2020-10-29 16:37:07.807,INFO,  生产总数:0;良品数:0;  
2020-10-29 16:37:07.820,INFO,  生产良率:0;同心距:0;角度:0;  
2020-10-29 16:37:07.836,INFO,  检测结果:0;  
2020-10-29 16:37:07.848,DEBUG,  Write Address:25000; Value:[2]  
2020-10-29 16:37:07.881,INFO,  生产总数:0;良品数:0;  
2020-10-29 16:37:07.897,INFO,  生产良率:0;同心距:0;角度:0;  
2020-10-29 16:37:07.910,INFO,  检测结果:0;  
2020-10-29 16:37:07.921,DEBUG,  Write Address:25000; Value:[2]  
2020-10-29 16:37:07.955,INFO,  生产总数:0;良品数:0;  
2020-10-29 16:37:07.969,INFO,  生产良率:0;同心距:0;角度:0;  
2020-10-29 16:37:07.982,INFO,  检测结果:0;  
2020-10-29 16:37:07.994,DEBUG,  Write Address:25000; Value:[2]  
2020-10-29 16:37:08.027,INFO,  生产总数:0;良品数:0;  
2020-10-29 16:37:08.038,INFO,  生产良率:0;同心距:0;角度:0;  
2020-10-29 16:37:08.051,INFO,  检测结果:0;  
2020-10-29 16:37:08.062,DEBUG,  Write Address:25000; Value:[2]  
2020-10-29 16:37:08.095,INFO,  生产总数:0;良品数:0;  
2020-10-29 16:37:08.107,INFO,  生产良率:0;同心距:0;角度:0;  
2020-10-29 16:37:08.122,INFO,  检测结果:0;  
2020-10-29 16:37:08.134,DEBUG,  Write Address:25000; Value:[2]  
2020-10-29 16:37:08.166,INFO,  生产总数:0;良品数:0;  
2020-10-29 16:37:08.180,INFO,  生产良率:0;同心距:0;角度:0;  
2020-10-29 16:37:08.192,INFO,  检测结果:0;  
2020-10-29 16:37:08.203,DEBUG,  Write Address:25000; Value:[2]  
2020-10-29 16:37:08.237,INFO,  生产总数:0;良品数:0;  
2020-10-29 16:37:08.251,INFO,  生产良率:0;同心距:0;角度:0;  
2020-10-29 16:37:08.263,INFO,  检测结果:0;  
2020-10-29 16:37:08.274,DEBUG,  Write Address:25000; Value:[2]  
2020-10-29 16:37:08.307,INFO,  生产总数:0;良品数:0;  
2020-10-29 16:37:08.320,INFO,  生产良率:0;同心距:0;角度:0;  
2020-10-29 16:37:08.333,INFO,  检测结果:0;  
2020-10-29 16:37:08.344,DEBUG,  Write Address:25000; Value:[2]  
2020-10-29 16:37:08.377,INFO,  生产总数:0;良品数:0;  
2020-10-29 16:37:08.391,INFO,  生产良率:0;同心距:0;角度:0;  
2020-10-29 16:37:08.411,INFO,  检测结果:0;  
2020-10-29 16:37:08.423,DEBUG,  Write Address:25000; Value:[2]  
2020-10-29 16:37:08.458,INFO,  生产总数:0;良品数:0;  
2020-10-29 16:37:08.472,INFO,  生产良率:0;同心距:0;角度:0;  
2020-10-29 16:37:08.484,INFO,  检测结果:0;  
2020-10-29 16:37:08.496,DEBUG,  Write Address:25000; Value:[2]  
2020-10-29 16:37:08.529,INFO,  生产总数:0;良品数:0;  
2020-10-29 16:37:08.543,INFO,  生产良率:0;同心距:0;角度:0;  
2020-10-29 16:37:08.555,INFO,  检测结果:0;  
2020-10-29 16:37:08.567,DEBUG,  Write Address:25000; Value:[2]  
2020-10-29 16:37:08.600,INFO,  生产总数:0;良品数:0;  
2020-10-29 16:37:08.625,INFO,  生产良率:0;同心距:0;角度:0;  
2020-10-29 16:37:08.638,INFO,  检测结果:0;  
2020-10-29 16:37:08.650,DEBUG,  Write Address:25000; Value:[2]  
2020-10-29 16:37:08.683,INFO,  生产总数:0;良品数:0;  
2020-10-29 16:37:08.697,INFO,  生产良率:0;同心距:0;角度:0;  
2020-10-29 16:37:08.711,INFO,  检测结果:0;  
2020-10-29 16:37:08.723,DEBUG,  Write Address:25000; Value:[2]  
2020-10-29 16:37:08.756,INFO,  生产总数:0;良品数:0;  
2020-10-29 16:37:08.768,INFO,  生产良率:0;同心距:0;角度:0;  
2020-10-29 16:37:08.781,INFO,  检测结果:0;  
2020-10-29 16:37:08.793,DEBUG,  Write Address:25000; Value:[2]  
2020-10-29 16:37:08.825,INFO,  生产总数:0;良品数:0;  
2020-10-29 16:37:08.838,INFO,  生产良率:0;同心距:0;角度:0;  
2020-10-29 16:37:08.849,INFO,  检测结果:0;  
2020-10-29 16:37:08.861,DEBUG,  Write Address:25000; Value:[2]  
2020-10-29 16:37:08.894,INFO,  生产总数:0;良品数:0;  
2020-10-29 16:37:08.907,INFO,  生产良率:0;同心距:0;角度:0;  
2020-10-29 16:37:08.920,INFO,  检测结果:0;  
2020-10-29 16:37:08.931,DEBUG,  Write Address:25000; Value:[2]  
2020-10-29 16:37:08.964,INFO,  生产总数:0;良品数:0;  
2020-10-29 16:37:08.975,INFO,  生产良率:0;同心距:0;角度:0;  
2020-10-29 16:37:08.987,INFO,  检测结果:0;  
2020-10-29 16:37:08.999,DEBUG,  Write Address:25000; Value:[2]  
2020-10-29 16:37:09.033,INFO,  生产总数:0;良品数:0;  
2020-10-29 16:37:09.046,INFO,  生产良率:0;同心距:0;角度:0;  
2020-10-29 16:37:09.059,INFO,  检测结果:0;  
2020-10-29 16:37:09.071,DEBUG,  Write Address:25000; Value:[2]  
2020-10-29 16:37:09.103,INFO,  生产总数:0;良品数:0;  
2020-10-29 16:37:09.117,INFO,  生产良率:0;同心距:0;角度:0;  
2020-10-29 16:37:09.129,INFO,  检测结果:0;  
2020-10-29 16:37:09.140,DEBUG,  Write Address:25000; Value:[2]  
2020-10-29 16:37:09.173,INFO,  生产总数:0;良品数:0;  
2020-10-29 16:37:09.186,INFO,  生产良率:0;同心距:0;角度:0;  
2020-10-29 16:37:09.197,INFO,  检测结果:0;  
2020-10-29 16:37:09.209,DEBUG,  Write Address:25000; Value:[2]  
2020-10-29 16:37:09.245,INFO,  生产总数:0;良品数:0;  
2020-10-29 16:37:09.265,INFO,  生产良率:0;同心距:0;角度:0;  
2020-10-29 16:37:09.276,INFO,  检测结果:0;  
2020-10-29 16:37:09.288,DEBUG,  Write Address:25000; Value:[2]  
2020-10-29 16:37:09.321,INFO,  生产总数:0;良品数:0;  
2020-10-29 16:37:09.334,INFO,  生产良率:0;同心距:0;角度:0;  
2020-10-29 16:37:09.346,INFO,  检测结果:0;  
2020-10-29 16:37:09.357,DEBUG,  Write Address:25000; Value:[2]  
2020-10-29 16:37:09.390,INFO,  生产总数:0;良品数:0;  
2020-10-29 16:37:09.403,INFO,  生产良率:0;同心距:0;角度:0;  
2020-10-29 16:37:09.416,INFO,  检测结果:0;  
2020-10-29 16:37:09.428,DEBUG,  Write Address:25000; Value:[2]  
2020-10-29 16:37:09.461,INFO,  生产总数:0;良品数:0;  
2020-10-29 16:37:09.475,INFO,  生产良率:0;同心距:0;角度:0;  
2020-10-29 16:37:09.486,INFO,  检测结果:0;  
2020-10-29 16:37:09.498,DEBUG,  Write Address:25000; Value:[2]  
2020-10-29 16:37:09.531,INFO,  生产总数:0;良品数:0;  
2020-10-29 16:37:09.549,INFO,  生产良率:0;同心距:0;角度:0;  
2020-10-29 16:37:09.560,INFO,  检测结果:0;  
2020-10-29 16:37:09.572,DEBUG,  Write Address:25000; Value:[2]  
2020-10-29 16:37:09.605,INFO,  生产总数:0;良品数:0;  
2020-10-29 16:37:09.618,INFO,  生产良率:0;同心距:0;角度:0;  
2020-10-29 16:37:09.630,INFO,  检测结果:0;  
2020-10-29 16:37:09.642,DEBUG,  Write Address:25000; Value:[2]  
2020-10-29 16:37:09.675,INFO,  生产总数:0;良品数:0;  
2020-10-29 16:37:09.697,INFO,  生产良率:0;同心距:0;角度:0;  
2020-10-29 16:37:09.712,INFO,  检测结果:0;  
2020-10-29 16:37:09.724,DEBUG,  Write Address:25000; Value:[2]  
2020-10-29 16:37:09.759,INFO,  生产总数:0;良品数:0;  
2020-10-29 16:37:09.777,INFO,  生产良率:0;同心距:0;角度:0;  
2020-10-29 16:37:09.789,INFO,  检测结果:0;  
2020-10-29 16:37:09.801,DEBUG,  Write Address:25000; Value:[2]  
2020-10-29 16:37:09.835,INFO,  生产总数:0;良品数:0;  
2020-10-29 16:37:09.851,INFO,  生产良率:0;同心距:0;角度:0;  
2020-10-29 16:37:09.863,INFO,  检测结果:0;  
2020-10-29 16:37:09.875,DEBUG,  Write Address:25000; Value:[2]  
2020-10-29 16:37:09.909,INFO,  生产总数:0;良品数:0;  
2020-10-29 16:37:09.926,INFO,  生产良率:0;同心距:0;角度:0;  
2020-10-29 16:37:09.939,INFO,  检测结果:0;  
2020-10-29 16:37:09.951,DEBUG,  Write Address:25000; Value:[2]  
2020-10-29 16:37:09.984,INFO,  生产总数:0;良品数:0;  
2020-10-29 16:37:10.002,INFO,  生产良率:0;同心距:0;角度:0;  
2020-10-29 16:37:10.015,INFO,  检测结果:0;  
2020-10-29 16:37:10.027,DEBUG,  Write Address:25000; Value:[2]  
2020-10-29 16:37:10.060,INFO,  生产总数:0;良品数:0;  
2020-10-29 16:37:10.076,INFO,  生产良率:0;同心距:0;角度:0;  
2020-10-29 16:37:10.088,INFO,  检测结果:0;  
2020-10-29 16:37:10.100,DEBUG,  Write Address:25000; Value:[2]  
2020-10-29 16:37:10.133,INFO,  生产总数:0;良品数:0;  
2020-10-29 16:37:10.151,INFO,  生产良率:0;同心距:0;角度:0;  
2020-10-29 16:37:10.164,INFO,  检测结果:0;  
2020-10-29 16:37:10.176,DEBUG,  Write Address:25000; Value:[2]  
2020-10-29 16:37:10.209,INFO,  生产总数:0;良品数:0;  
2020-10-29 16:37:10.221,INFO,  生产良率:0;同心距:0;角度:0;  
2020-10-29 16:37:10.233,INFO,  检测结果:0;  
2020-10-29 16:37:10.245,DEBUG,  Write Address:25000; Value:[2]  
2020-10-29 16:37:10.278,INFO,  生产总数:0;良品数:0;  
2020-10-29 16:37:10.292,INFO,  生产良率:0;同心距:0;角度:0;  
2020-10-29 16:37:10.306,INFO,  检测结果:0;  
2020-10-29 16:37:10.318,DEBUG,  Write Address:25000; Value:[2]  
2020-10-29 16:37:10.352,INFO,  生产总数:0;良品数:0;  
2020-10-29 16:37:10.365,INFO,  生产良率:0;同心距:0;角度:0;  
2020-10-29 16:37:10.377,INFO,  检测结果:0;  
2020-10-29 16:37:10.389,DEBUG,  Write Address:25000; Value:[2]  
2020-10-29 16:37:10.423,INFO,  生产总数:0;良品数:0;  
2020-10-29 16:37:10.435,INFO,  生产良率:0;同心距:0;角度:0;  
2020-10-29 16:37:10.447,INFO,  检测结果:0;  
2020-10-29 16:37:10.458,DEBUG,  Write Address:25000; Value:[2]  
2020-10-29 16:37:10.493,INFO,  生产总数:0;良品数:0;  
2020-10-29 16:37:10.505,INFO,  生产良率:0;同心距:0;角度:0;  
2020-10-29 16:37:10.518,INFO,  检测结果:0;  
2020-10-29 16:37:10.529,DEBUG,  Write Address:25000; Value:[2]  
2020-10-29 16:37:10.564,INFO,  生产总数:0;良品数:0;  
2020-10-29 16:37:10.583,INFO,  生产良率:0;同心距:0;角度:0;  
2020-10-29 16:37:10.596,INFO,  检测结果:0;  
2020-10-29 16:37:10.608,DEBUG,  Write Address:25000; Value:[2]  
2020-10-29 16:37:10.642,INFO,  生产总数:0;良品数:0;  
2020-10-29 16:37:10.663,INFO,  生产良率:0;同心距:0;角度:0;  
2020-10-29 16:37:10.675,INFO,  检测结果:0;  
2020-10-29 16:37:10.687,DEBUG,  Write Address:25000; Value:[2]  
2020-10-29 16:37:10.722,INFO,  生产总数:0;良品数:0;  
2020-10-29 16:37:10.738,INFO,  生产良率:0;同心距:0;角度:0;  
2020-10-29 16:37:10.751,INFO,  检测结果:0;  
2020-10-29 16:37:10.763,DEBUG,  Write Address:25000; Value:[2]  
2020-10-29 16:37:10.797,INFO,  生产总数:0;良品数:0;  
2020-10-29 16:37:10.811,INFO,  生产良率:0;同心距:0;角度:0;  
2020-10-29 16:37:10.822,INFO,  检测结果:0;  
2020-10-29 16:37:10.834,DEBUG,  Write Address:25000; Value:[2]  
2020-10-29 16:37:10.869,INFO,  生产总数:0;良品数:0;  
2020-10-29 16:37:10.887,INFO,  生产良率:0;同心距:0;角度:0;  
2020-10-29 16:37:10.900,INFO,  检测结果:0;  
2020-10-29 16:37:10.912,DEBUG,  Write Address:25000; Value:[2]  
2020-10-29 16:37:10.945,INFO,  生产总数:0;良品数:0;  
2020-10-29 16:37:10.958,INFO,  生产良率:0;同心距:0;角度:0;  
2020-10-29 16:37:10.971,INFO,  检测结果:0;  
2020-10-29 16:37:10.983,DEBUG,  Write Address:25000; Value:[2]  
2020-10-29 16:37:11.017,INFO,  生产总数:0;良品数:0;  
2020-10-29 16:37:11.029,INFO,  生产良率:0;同心距:0;角度:0;  
2020-10-29 16:37:11.042,INFO,  检测结果:0;  
2020-10-29 16:37:11.054,DEBUG,  Write Address:25000; Value:[2]  
2020-10-29 16:37:11.088,INFO,  生产总数:0;良品数:0;  
2020-10-29 16:37:11.100,INFO,  生产良率:0;同心距:0;角度:0;  
2020-10-29 16:37:11.112,INFO,  检测结果:0;  
2020-10-29 16:37:11.124,DEBUG,  Write Address:25000; Value:[2]  
2020-10-29 16:37:21.103,ERROR,  扫码枪扫码失败  
2020-10-29 16:37:21.116,DEBUG,  Write Address:25000; Value:[3]  
2020-10-29 16:37:21.151,WARN,  流程停止  
2020-10-29 16:37:26.314,WARN,  流程开始  
2020-10-29 16:37:26.331,INFO,  生产总数:0;良品数:0;  
2020-10-29 16:37:26.353,INFO,  生产良率:0;同心距:0;角度:0;  
2020-10-29 16:37:26.366,INFO,  检测结果:0;  
2020-10-29 16:37:26.387,DEBUG,  Write Address:25000; Value:[2]  
2020-10-29 16:37:26.420,INFO,  生产总数:0;良品数:0;  
2020-10-29 16:37:26.431,INFO,  生产良率:0;同心距:0;角度:0;  
2020-10-29 16:37:26.457,INFO,  检测结果:0;  
2020-10-29 16:37:26.469,DEBUG,  Write Address:25000; Value:[2]  
2020-10-29 16:37:26.503,INFO,  生产总数:0;良品数:0;  
2020-10-29 16:37:26.526,INFO,  生产良率:0;同心距:0;角度:0;  
2020-10-29 16:37:26.538,INFO,  检测结果:0;  
2020-10-29 16:37:26.558,DEBUG,  Write Address:25000; Value:[2]  
2020-10-29 16:37:26.590,INFO,  生产总数:0;良品数:0;  
2020-10-29 16:37:26.606,INFO,  生产良率:0;同心距:0;角度:0;  
2020-10-29 16:37:26.626,INFO,  检测结果:0;  
2020-10-29 16:37:26.638,DEBUG,  Write Address:25000; Value:[2]  
2020-10-29 16:37:26.671,INFO,  生产总数:0;良品数:0;  
2020-10-29 16:37:26.693,INFO,  生产良率:0;同心距:0;角度:0;  
2020-10-29 16:37:26.706,INFO,  检测结果:0;  
2020-10-29 16:37:26.727,DEBUG,  Write Address:25000; Value:[2]  
2020-10-29 16:37:26.759,INFO,  生产总数:0;良品数:0;  
2020-10-29 16:37:26.775,INFO,  生产良率:0;同心距:0;角度:0;  
2020-10-29 16:37:26.794,INFO,  检测结果:0;  
2020-10-29 16:37:26.806,DEBUG,  Write Address:25000; Value:[2]  
2020-10-29 16:37:26.839,INFO,  生产总数:0;良品数:0;  
2020-10-29 16:37:26.863,INFO,  生产良率:0;同心距:0;角度:0;  
2020-10-29 16:37:26.874,INFO,  检测结果:0;  
2020-10-29 16:37:26.896,DEBUG,  Write Address:25000; Value:[2]  
2020-10-29 16:37:26.932,INFO,  生产总数:0;良品数:0;  
2020-10-29 16:37:26.945,INFO,  生产良率:0;同心距:0;角度:0;  
2020-10-29 16:37:26.967,INFO,  检测结果:0;  
2020-10-29 16:37:26.979,DEBUG,  Write Address:25000; Value:[2]  
2020-10-29 16:37:27.014,INFO,  生产总数:0;良品数:0;  
2020-10-29 16:37:27.036,INFO,  生产良率:0;同心距:0;角度:0;  
2020-10-29 16:37:27.047,INFO,  检测结果:0;  
2020-10-29 16:37:27.069,DEBUG,  Write Address:25000; Value:[2]  
2020-10-29 16:37:27.103,INFO,  生产总数:0;良品数:0;  
2020-10-29 16:37:27.117,INFO,  生产良率:0;同心距:0;角度:0;  
2020-10-29 16:37:27.137,INFO,  检测结果:0;  
2020-10-29 16:37:27.149,DEBUG,  Write Address:25000; Value:[2]  
2020-10-29 16:37:27.182,INFO,  生产总数:0;良品数:0;  
2020-10-29 16:37:27.204,INFO,  生产良率:0;同心距:0;角度:0;  
2020-10-29 16:37:27.216,INFO,  检测结果:0;  
2020-10-29 16:37:27.238,DEBUG,  Write Address:25000; Value:[2]  
2020-10-29 16:37:27.274,INFO,  生产总数:0;良品数:0;  
2020-10-29 16:37:27.291,INFO,  生产良率:0;同心距:0;角度:0;  
2020-10-29 16:37:27.310,INFO,  检测结果:0;  
2020-10-29 16:37:27.322,DEBUG,  Write Address:25000; Value:[2]  
2020-10-29 16:37:27.356,INFO,  生产总数:0;良品数:0;  
2020-10-29 16:37:27.377,INFO,  生产良率:0;同心距:0;角度:0;  
2020-10-29 16:37:27.391,INFO,  检测结果:0;  
2020-10-29 16:37:27.411,DEBUG,  Write Address:25000; Value:[2]  
2020-10-29 16:37:27.444,INFO,  生产总数:0;良品数:0;  
2020-10-29 16:37:27.457,INFO,  生产良率:0;同心距:0;角度:0;  
2020-10-29 16:37:27.479,INFO,  检测结果:0;  
2020-10-29 16:37:27.491,DEBUG,  Write Address:25000; Value:[2]  
2020-10-29 16:37:27.524,INFO,  生产总数:0;良品数:0;  
2020-10-29 16:37:27.547,INFO,  生产良率:0;同心距:0;角度:0;  
2020-10-29 16:37:27.559,INFO,  检测结果:0;  
2020-10-29 16:37:27.580,DEBUG,  Write Address:25000; Value:[2]  
2020-10-29 16:37:27.615,INFO,  生产总数:0;良品数:0;  
2020-10-29 16:37:27.638,INFO,  生产良率:0;同心距:0;角度:0;  
2020-10-29 16:37:27.651,INFO,  检测结果:0;  
2020-10-29 16:37:27.663,DEBUG,  Write Address:25000; Value:[2]  
2020-10-29 16:37:27.696,INFO,  生产总数:0;良品数:0;  
2020-10-29 16:37:27.719,INFO,  生产良率:0;同心距:0;角度:0;  
2020-10-29 16:37:27.730,INFO,  检测结果:0;  
2020-10-29 16:37:27.751,DEBUG,  Write Address:25000; Value:[2]  
2020-10-29 16:37:27.785,INFO,  生产总数:0;良品数:0;  
2020-10-29 16:37:27.797,INFO,  生产良率:0;同心距:0;角度:0;  
2020-10-29 16:37:27.819,INFO,  检测结果:0;  
2020-10-29 16:37:27.831,DEBUG,  Write Address:25000; Value:[2]  
2020-10-29 16:37:27.864,INFO,  生产总数:0;良品数:0;  
2020-10-29 16:37:27.886,INFO,  生产良率:0;同心距:0;角度:0;  
2020-10-29 16:37:27.899,INFO,  检测结果:0;  
2020-10-29 16:37:27.919,DEBUG,  Write Address:25000; Value:[2]  
2020-10-29 16:37:27.952,INFO,  生产总数:0;良品数:0;  
2020-10-29 16:37:27.966,INFO,  生产良率:0;同心距:0;角度:0;  
2020-10-29 16:37:27.988,INFO,  检测结果:0;  
2020-10-29 16:37:27.999,DEBUG,  Write Address:25000; Value:[2]  
2020-10-29 16:37:28.031,INFO,  生产总数:0;良品数:0;  
2020-10-29 16:37:28.053,INFO,  生产良率:0;同心距:0;角度:0;  
2020-10-29 16:37:28.066,INFO,  检测结果:0;  
2020-10-29 16:37:28.087,DEBUG,  Write Address:25000; Value:[2]  
2020-10-29 16:37:28.120,INFO,  生产总数:0;良品数:0;  
2020-10-29 16:37:28.133,INFO,  生产良率:0;同心距:0;角度:0;  
2020-10-29 16:37:28.155,INFO,  检测结果:0;  
2020-10-29 16:37:28.167,DEBUG,  Write Address:25000; Value:[2]  
2020-10-29 16:37:28.200,INFO,  生产总数:0;良品数:0;  
2020-10-29 16:37:28.222,INFO,  生产良率:0;同心距:0;角度:0;  
2020-10-29 16:37:28.235,INFO,  检测结果:0;  
2020-10-29 16:37:28.255,DEBUG,  Write Address:25000; Value:[2]  
2020-10-29 16:37:28.288,INFO,  生产总数:0;良品数:0;  
2020-10-29 16:37:28.300,INFO,  生产良率:0;同心距:0;角度:0;  
2020-10-29 16:37:28.321,INFO,  检测结果:0;  
2020-10-29 16:37:28.333,DEBUG,  Write Address:25000; Value:[2]  
2020-10-29 16:37:28.367,INFO,  生产总数:0;良品数:0;  
2020-10-29 16:37:28.388,INFO,  生产良率:0;同心距:0;角度:0;  
2020-10-29 16:37:28.400,INFO,  检测结果:0;  
2020-10-29 16:37:28.422,DEBUG,  Write Address:25000; Value:[2]  
2020-10-29 16:37:28.455,INFO,  生产总数:0;良品数:0;  
2020-10-29 16:37:28.471,INFO,  生产良率:0;同心距:0;角度:0;  
2020-10-29 16:37:28.490,INFO,  检测结果:0;  
2020-10-29 16:37:28.502,DEBUG,  Write Address:25000; Value:[2]  
2020-10-29 16:37:28.535,INFO,  生产总数:0;良品数:0;  
2020-10-29 16:37:28.570,INFO,  生产良率:0;同心距:0;角度:0;  
2020-10-29 16:37:28.591,INFO,  检测结果:0;  
2020-10-29 16:37:28.603,DEBUG,  Write Address:25000; Value:[2]  
2020-10-29 16:37:28.635,INFO,  生产总数:0;良品数:0;  
2020-10-29 16:37:28.657,INFO,  生产良率:0;同心距:0;角度:0;  
2020-10-29 16:37:28.669,INFO,  检测结果:0;  
2020-10-29 16:37:28.691,DEBUG,  Write Address:25000; Value:[2]  
2020-10-29 16:37:28.723,INFO,  生产总数:0;良品数:0;  
2020-10-29 16:37:28.738,INFO,  生产良率:0;同心距:0;角度:0;  
2020-10-29 16:37:28.757,INFO,  检测结果:0;  
2020-10-29 16:37:28.769,DEBUG,  Write Address:25000; Value:[2]  
2020-10-29 16:37:28.802,INFO,  生产总数:0;良品数:0;  
2020-10-29 16:37:28.824,INFO,  生产良率:0;同心距:0;角度:0;  
2020-10-29 16:37:28.838,INFO,  检测结果:0;  
2020-10-29 16:37:28.857,DEBUG,  Write Address:25000; Value:[2]  
2020-10-29 16:37:28.891,INFO,  生产总数:0;良品数:0;  
2020-10-29 16:37:28.928,DEBUG,  Write Address:25000; Value:[1]  
2020-10-29 16:37:28.928,INFO,  生产良率:0;同心距:0;角度:0;  
2020-10-29 16:37:28.966,INFO,  检测结果:0;  
2020-10-29 16:37:28.978,DEBUG,  Write Address:25000; Value:[2]  
2020-10-29 16:37:29.016,INFO,  生产总数:0;良品数:0;  
2020-10-29 16:37:29.036,INFO,  生产良率:0;同心距:0;角度:0;  
2020-10-29 16:37:29.047,INFO,  检测结果:0;  
2020-10-29 16:37:29.059,DEBUG,  Write Address:25000; Value:[2]  
2020-10-29 16:37:29.092,INFO,  生产总数:0;良品数:0;  
2020-10-29 16:37:29.105,INFO,  生产良率:0;同心距:0;角度:0;  
2020-10-29 16:37:29.118,INFO,  检测结果:0;  
2020-10-29 16:37:29.130,DEBUG,  Write Address:25000; Value:[2]  
2020-10-29 16:37:29.163,INFO,  生产总数:0;良品数:0;  
2020-10-29 16:37:29.186,INFO,  生产良率:0;同心距:0;角度:0;  
2020-10-29 16:37:29.201,INFO,  检测结果:0;  
2020-10-29 16:37:29.212,DEBUG,  Write Address:25000; Value:[2]  
2020-10-29 16:37:29.246,INFO,  生产总数:0;良品数:0;  
2020-10-29 16:37:29.264,INFO,  生产良率:0;同心距:0;角度:0;  
2020-10-29 16:37:29.283,INFO,  检测结果:0;  
2020-10-29 16:37:29.295,DEBUG,  Write Address:25000; Value:[2]  
2020-10-29 16:37:29.328,INFO,  生产总数:0;良品数:0;  
2020-10-29 16:37:29.340,INFO,  生产良率:0;同心距:0;角度:0;  
2020-10-29 16:37:29.354,INFO,  检测结果:0;  
2020-10-29 16:37:29.366,DEBUG,  Write Address:25000; Value:[2]  
2020-10-29 16:37:29.398,INFO,  生产总数:0;良品数:0;  
2020-10-29 16:37:29.410,INFO,  生产良率:0;同心距:0;角度:0;  
2020-10-29 16:37:29.423,INFO,  检测结果:0;  
2020-10-29 16:37:29.434,DEBUG,  Write Address:25000; Value:[2]  
2020-10-29 16:37:29.467,INFO,  生产总数:0;良品数:0;  
2020-10-29 16:37:29.481,INFO,  生产良率:0;同心距:0;角度:0;  
2020-10-29 16:37:29.494,INFO,  检测结果:0;  
2020-10-29 16:37:29.506,DEBUG,  Write Address:25000; Value:[2]  
2020-10-29 16:37:29.539,INFO,  生产总数:0;良品数:0;  
2020-10-29 16:37:29.551,INFO,  生产良率:0;同心距:0;角度:0;  
2020-10-29 16:37:29.563,INFO,  检测结果:0;  
2020-10-29 16:37:29.574,DEBUG,  Write Address:25000; Value:[2]  
2020-10-29 16:37:29.606,INFO,  生产总数:0;良品数:0;  
2020-10-29 16:37:29.620,INFO,  生产良率:0;同心距:0;角度:0;  
2020-10-29 16:37:29.632,INFO,  检测结果:0;  
2020-10-29 16:37:29.643,DEBUG,  Write Address:25000; Value:[2]  
2020-10-29 16:37:29.676,INFO,  生产总数:0;良品数:0;  
2020-10-29 16:37:29.689,INFO,  生产良率:0;同心距:0;角度:0;  
2020-10-29 16:37:29.700,INFO,  检测结果:0;  
2020-10-29 16:37:29.712,DEBUG,  Write Address:25000; Value:[2]  
2020-10-29 16:37:29.745,INFO,  生产总数:0;良品数:0;  
2020-10-29 16:37:29.757,INFO,  生产良率:0;同心距:0;角度:0;  
2020-10-29 16:37:29.769,INFO,  检测结果:0;  
2020-10-29 16:37:29.780,DEBUG,  Write Address:25000; Value:[2]  
2020-10-29 16:37:29.812,INFO,  生产总数:0;良品数:0;  
2020-10-29 16:37:29.823,INFO,  生产良率:0;同心距:0;角度:0;  
2020-10-29 16:37:29.835,INFO,  检测结果:0;  
2020-10-29 16:37:29.847,DEBUG,  Write Address:25000; Value:[2]  
2020-10-29 16:37:29.880,INFO,  生产总数:0;良品数:0;  
2020-10-29 16:37:29.894,INFO,  生产良率:0;同心距:0;角度:0;  
2020-10-29 16:37:29.906,INFO,  检测结果:0;  
2020-10-29 16:37:29.918,DEBUG,  Write Address:25000; Value:[2]  
2020-10-29 16:37:29.951,INFO,  生产总数:0;良品数:0;  
2020-10-29 16:37:29.966,INFO,  生产良率:0;同心距:0;角度:0;  
2020-10-29 16:37:29.978,INFO,  检测结果:0;  
2020-10-29 16:37:29.989,DEBUG,  Write Address:25000; Value:[2]  
2020-10-29 16:37:30.024,INFO,  生产总数:0;良品数:0;  
2020-10-29 16:37:30.037,INFO,  生产良率:0;同心距:0;角度:0;  
2020-10-29 16:37:30.049,INFO,  检测结果:0;  
2020-10-29 16:37:30.061,DEBUG,  Write Address:25000; Value:[2]  
2020-10-29 16:37:30.095,INFO,  生产总数:0;良品数:0;  
2020-10-29 16:37:30.108,INFO,  生产良率:0;同心距:0;角度:0;  
2020-10-29 16:37:30.120,INFO,  检测结果:0;  
2020-10-29 16:37:30.132,DEBUG,  Write Address:25000; Value:[2]  
2020-10-29 16:37:30.165,INFO,  生产总数:0;良品数:0;  
2020-10-29 16:37:30.178,INFO,  生产良率:0;同心距:0;角度:0;  
2020-10-29 16:37:30.191,INFO,  检测结果:0;  
2020-10-29 16:37:30.203,DEBUG,  Write Address:25000; Value:[2]  
2020-10-29 16:37:30.236,INFO,  生产总数:0;良品数:0;  
2020-10-29 16:37:30.253,INFO,  生产良率:0;同心距:0;角度:0;  
2020-10-29 16:37:30.265,INFO,  检测结果:0;  
2020-10-29 16:37:30.277,DEBUG,  Write Address:25000; Value:[2]  
2020-10-29 16:37:30.312,INFO,  生产总数:0;良品数:0;  
2020-10-29 16:37:30.331,INFO,  生产良率:0;同心距:0;角度:0;  
2020-10-29 16:37:30.346,INFO,  检测结果:0;  
2020-10-29 16:37:30.358,DEBUG,  Write Address:25000; Value:[2]  
2020-10-29 16:37:30.391,INFO,  生产总数:0;良品数:0;  
2020-10-29 16:37:30.403,INFO,  生产良率:0;同心距:0;角度:0;  
2020-10-29 16:37:30.415,INFO,  检测结果:0;  
2020-10-29 16:37:30.427,DEBUG,  Write Address:25000; Value:[2]  
2020-10-29 16:37:30.460,INFO,  生产总数:0;良品数:0;  
2020-10-29 16:37:30.473,INFO,  生产良率:0;同心距:0;角度:0;  
2020-10-29 16:37:30.485,INFO,  检测结果:0;  
2020-10-29 16:37:30.497,DEBUG,  Write Address:25000; Value:[2]  
2020-10-29 16:37:30.530,INFO,  生产总数:0;良品数:0;  
2020-10-29 16:37:30.542,INFO,  生产良率:0;同心距:0;角度:0;  
2020-10-29 16:37:30.554,INFO,  检测结果:0;  
2020-10-29 16:37:30.566,DEBUG,  Write Address:25000; Value:[2]  
2020-10-29 16:37:30.602,INFO,  生产总数:0;良品数:0;  
2020-10-29 16:37:30.621,INFO,  生产良率:0;同心距:0;角度:0;  
2020-10-29 16:37:30.633,INFO,  检测结果:0;  
2020-10-29 16:37:30.645,DEBUG,  Write Address:25000; Value:[2]  
2020-10-29 16:37:30.678,INFO,  生产总数:0;良品数:0;  
2020-10-29 16:37:30.689,INFO,  生产良率:0;同心距:0;角度:0;  
2020-10-29 16:37:30.701,INFO,  检测结果:0;  
2020-10-29 16:37:30.713,DEBUG,  Write Address:25000; Value:[2]  
2020-10-29 16:37:30.746,INFO,  生产总数:0;良品数:0;  
2020-10-29 16:37:30.763,INFO,  生产良率:0;同心距:0;角度:0;  
2020-10-29 16:37:30.775,INFO,  检测结果:0;  
2020-10-29 16:37:30.787,DEBUG,  Write Address:25000; Value:[2]  
2020-10-29 16:37:30.819,INFO,  生产总数:0;良品数:0;  
2020-10-29 16:37:30.831,INFO,  生产良率:0;同心距:0;角度:0;  
2020-10-29 16:37:30.843,INFO,  检测结果:0;  
2020-10-29 16:37:30.855,DEBUG,  Write Address:25000; Value:[2]  
2020-10-29 16:37:30.888,INFO,  生产总数:0;良品数:0;  
2020-10-29 16:37:30.900,INFO,  生产良率:0;同心距:0;角度:0;  
2020-10-29 16:37:30.912,INFO,  检测结果:0;  
2020-10-29 16:37:30.924,DEBUG,  Write Address:25000; Value:[2]  
2020-10-29 16:37:30.957,INFO,  生产总数:0;良品数:0;  
2020-10-29 16:37:30.969,INFO,  生产良率:0;同心距:0;角度:0;  
2020-10-29 16:37:30.982,INFO,  检测结果:0;  
2020-10-29 16:37:30.993,DEBUG,  Write Address:25000; Value:[2]  
2020-10-29 16:37:31.027,INFO,  生产总数:0;良品数:0;  
2020-10-29 16:37:31.038,INFO,  生产良率:0;同心距:0;角度:0;  
2020-10-29 16:37:31.050,INFO,  检测结果:0;  
2020-10-29 16:37:31.062,DEBUG,  Write Address:25000; Value:[2]  
2020-10-29 16:37:31.095,INFO,  生产总数:0;良品数:0;  
2020-10-29 16:37:31.108,INFO,  生产良率:0;同心距:0;角度:0;  
2020-10-29 16:37:31.124,INFO,  检测结果:0;  
2020-10-29 16:37:31.136,DEBUG,  Write Address:25000; Value:[2]  
2020-10-29 16:37:31.169,INFO,  生产总数:0;良品数:0;  
2020-10-29 16:37:31.181,INFO,  生产良率:0;同心距:0;角度:0;  
2020-10-29 16:37:31.194,INFO,  检测结果:0;  
2020-10-29 16:37:31.205,DEBUG,  Write Address:25000; Value:[2]  
2020-10-29 16:37:31.239,INFO,  生产总数:0;良品数:0;  
2020-10-29 16:37:31.257,INFO,  生产良率:0;同心距:0;角度:0;  
2020-10-29 16:37:31.272,INFO,  检测结果:0;  
2020-10-29 16:37:31.284,DEBUG,  Write Address:25000; Value:[2]  
2020-10-29 16:37:31.317,INFO,  生产总数:0;良品数:0;  
2020-10-29 16:37:31.329,INFO,  生产良率:0;同心距:0;角度:0;  
2020-10-29 16:37:31.341,INFO,  检测结果:0;  
2020-10-29 16:37:31.352,DEBUG,  Write Address:25000; Value:[2]  
2020-10-29 16:37:31.385,INFO,  生产总数:0;良品数:0;  
2020-10-29 16:37:31.398,INFO,  生产良率:0;同心距:0;角度:0;  
2020-10-29 16:37:31.412,INFO,  检测结果:0;  
2020-10-29 16:37:31.424,DEBUG,  Write Address:25000; Value:[2]  
2020-10-29 16:37:31.456,INFO,  生产总数:0;良品数:0;  
2020-10-29 16:37:31.469,INFO,  生产良率:0;同心距:0;角度:0;  
2020-10-29 16:37:31.482,INFO,  检测结果:0;  
2020-10-29 16:37:31.494,DEBUG,  Write Address:25000; Value:[2]  
2020-10-29 16:37:31.527,INFO,  生产总数:0;良品数:0;  
2020-10-29 16:37:31.539,INFO,  生产良率:0;同心距:0;角度:0;  
2020-10-29 16:37:31.553,INFO,  检测结果:0;  
2020-10-29 16:37:31.565,DEBUG,  Write Address:25000; Value:[2]  
2020-10-29 16:37:31.598,INFO,  生产总数:0;良品数:0;  
2020-10-29 16:37:31.610,INFO,  生产良率:0;同心距:0;角度:0;  
2020-10-29 16:37:31.622,INFO,  检测结果:0;  
2020-10-29 16:37:31.634,DEBUG,  Write Address:25000; Value:[2]  
2020-10-29 16:37:31.667,INFO,  生产总数:0;良品数:0;  
2020-10-29 16:37:31.679,INFO,  生产良率:0;同心距:0;角度:0;  
2020-10-29 16:37:31.692,INFO,  检测结果:0;  
2020-10-29 16:37:31.703,DEBUG,  Write Address:25000; Value:[2]  
2020-10-29 16:37:31.735,INFO,  生产总数:0;良品数:0;  
2020-10-29 16:37:31.747,INFO,  生产良率:0;同心距:0;角度:0;  
2020-10-29 16:37:31.761,INFO,  检测结果:0;  
2020-10-29 16:37:31.773,DEBUG,  Write Address:25000; Value:[2]  
2020-10-29 16:37:31.806,INFO,  生产总数:0;良品数:0;  
2020-10-29 16:37:31.817,INFO,  生产良率:0;同心距:0;角度:0;  
2020-10-29 16:37:31.829,INFO,  检测结果:0;  
2020-10-29 16:37:31.842,DEBUG,  Write Address:25000; Value:[2]  
2020-10-29 16:37:31.876,INFO,  生产总数:0;良品数:0;  
2020-10-29 16:37:31.888,INFO,  生产良率:0;同心距:0;角度:0;  
2020-10-29 16:37:31.900,INFO,  检测结果:0;  
2020-10-29 16:37:31.912,DEBUG,  Write Address:25000; Value:[2]  
2020-10-29 16:37:31.945,INFO,  生产总数:0;良品数:0;  
2020-10-29 16:37:31.961,INFO,  生产良率:0;同心距:0;角度:0;  
2020-10-29 16:37:31.973,INFO,  检测结果:0;  
2020-10-29 16:37:31.985,DEBUG,  Write Address:25000; Value:[2]  
2020-10-29 16:37:32.019,INFO,  生产总数:0;良品数:0;  
2020-10-29 16:37:32.037,INFO,  生产良率:0;同心距:0;角度:0;  
2020-10-29 16:37:32.049,INFO,  检测结果:0;  
2020-10-29 16:37:32.061,DEBUG,  Write Address:25000; Value:[2]  
2020-10-29 16:37:32.094,INFO,  生产总数:0;良品数:0;  
2020-10-29 16:37:32.111,INFO,  生产良率:0;同心距:0;角度:0;  
2020-10-29 16:37:32.124,INFO,  检测结果:0;  
2020-10-29 16:37:32.136,DEBUG,  Write Address:25000; Value:[2]  
2020-10-29 16:37:32.170,INFO,  生产总数:0;良品数:0;  
2020-10-29 16:37:32.181,INFO,  生产良率:0;同心距:0;角度:0;  
2020-10-29 16:37:32.193,INFO,  检测结果:0;  
2020-10-29 16:37:32.205,DEBUG,  Write Address:25000; Value:[2]  
2020-10-29 16:37:32.238,INFO,  生产总数:0;良品数:0;  
2020-10-29 16:37:32.260,INFO,  生产良率:0;同心距:0;角度:0;  
2020-10-29 16:37:32.277,INFO,  检测结果:0;  
2020-10-29 16:37:32.289,DEBUG,  Write Address:25000; Value:[2]  
2020-10-29 16:37:32.322,INFO,  生产总数:0;良品数:0;  
2020-10-29 16:37:32.342,INFO,  生产良率:0;同心距:0;角度:0;  
2020-10-29 16:37:32.354,INFO,  检测结果:0;  
2020-10-29 16:37:32.365,DEBUG,  Write Address:25000; Value:[2]  
2020-10-29 16:37:32.398,INFO,  生产总数:0;良品数:0;  
2020-10-29 16:37:32.411,INFO,  生产良率:0;同心距:0;角度:0;  
2020-10-29 16:37:32.423,INFO,  检测结果:0;  
2020-10-29 16:37:32.435,DEBUG,  Write Address:25000; Value:[2]  
2020-10-29 16:37:52.037,ERROR,  扫码枪扫码失败  
2020-10-29 16:37:52.049,DEBUG,  Write Address:25000; Value:[3]  
2020-10-29 16:37:52.073,WARN,  流程停止  
2020-10-29 16:37:53.017,WARN,  流程开始  
2020-10-29 16:37:53.044,INFO,  生产总数:0;良品数:0;  
2020-10-29 16:37:53.056,INFO,  生产良率:0;同心距:0;角度:0;  
2020-10-29 16:37:53.078,INFO,  检测结果:0;  
2020-10-29 16:37:53.090,DEBUG,  Write Address:25000; Value:[2]  
2020-10-29 16:37:53.123,INFO,  生产总数:0;良品数:0;  
2020-10-29 16:37:53.146,INFO,  生产良率:0;同心距:0;角度:0;  
2020-10-29 16:37:53.159,INFO,  检测结果:0;  
2020-10-29 16:37:53.180,DEBUG,  Write Address:25000; Value:[2]  
2020-10-29 16:37:53.214,INFO,  生产总数:0;良品数:0;  
2020-10-29 16:37:53.231,INFO,  生产良率:0;同心距:0;角度:0;  
2020-10-29 16:37:53.248,INFO,  检测结果:0;  
2020-10-29 16:37:53.260,DEBUG,  Write Address:25000; Value:[2]  
2020-10-29 16:37:53.293,INFO,  生产总数:0;良品数:0;  
2020-10-29 16:37:53.315,INFO,  生产良率:0;同心距:0;角度:0;  
2020-10-29 16:37:53.328,INFO,  检测结果:0;  
2020-10-29 16:37:53.349,DEBUG,  Write Address:25000; Value:[2]  
2020-10-29 16:37:53.384,INFO,  生产总数:0;良品数:0;  
2020-10-29 16:37:53.397,INFO,  生产良率:0;同心距:0;角度:0;  
2020-10-29 16:37:53.420,INFO,  检测结果:0;  
2020-10-29 16:37:53.431,DEBUG,  Write Address:25000; Value:[2]  
2020-10-29 16:37:53.464,INFO,  生产总数:0;良品数:0;  
2020-10-29 16:37:53.486,INFO,  生产良率:0;同心距:0;角度:0;  
2020-10-29 16:37:53.499,INFO,  检测结果:0;  
2020-10-29 16:37:53.520,DEBUG,  Write Address:25000; Value:[2]  
2020-10-29 16:37:53.557,INFO,  生产总数:0;良品数:0;  
2020-10-29 16:37:53.569,INFO,  生产良率:0;同心距:0;角度:0;  
2020-10-29 16:37:53.590,INFO,  检测结果:0;  
2020-10-29 16:37:53.602,DEBUG,  Write Address:25000; Value:[2]  
2020-10-29 16:37:53.635,INFO,  生产总数:0;良品数:0;  
2020-10-29 16:37:53.657,INFO,  生产良率:0;同心距:0;角度:0;  
2020-10-29 16:37:53.671,INFO,  检测结果:0;  
2020-10-29 16:37:53.690,DEBUG,  Write Address:25000; Value:[2]  
2020-10-29 16:37:53.723,INFO,  生产总数:0;良品数:0;  
2020-10-29 16:37:53.740,INFO,  生产良率:0;同心距:0;角度:0;  
2020-10-29 16:37:53.758,INFO,  检测结果:0;  
2020-10-29 16:37:53.770,DEBUG,  Write Address:25000; Value:[2]  
2020-10-29 16:37:53.804,INFO,  生产总数:0;良品数:0;  
2020-10-29 16:37:53.826,INFO,  生产良率:0;同心距:0;角度:0;  
2020-10-29 16:37:53.838,INFO,  检测结果:0;  
2020-10-29 16:37:53.860,DEBUG,  Write Address:25000; Value:[2]  
2020-10-29 16:37:53.894,INFO,  生产总数:0;良品数:0;  
2020-10-29 16:37:53.907,INFO,  生产良率:0;同心距:0;角度:0;  
2020-10-29 16:37:53.931,INFO,  检测结果:0;  
2020-10-29 16:37:53.943,DEBUG,  Write Address:25000; Value:[2]  
2020-10-29 16:37:53.976,INFO,  生产总数:0;良品数:0;  
2020-10-29 16:37:53.998,INFO,  生产良率:0;同心距:0;角度:0;  
2020-10-29 16:37:54.013,INFO,  检测结果:0;  
2020-10-29 16:37:54.032,DEBUG,  Write Address:25000; Value:[2]  
2020-10-29 16:37:54.064,INFO,  生产总数:0;良品数:0;  
2020-10-29 16:37:54.083,INFO,  生产良率:0;同心距:0;角度:0;  
2020-10-29 16:37:54.100,INFO,  检测结果:0;  
2020-10-29 16:37:54.111,DEBUG,  Write Address:25000; Value:[2]  
2020-10-29 16:37:54.144,INFO,  生产总数:0;良品数:0;  
2020-10-29 16:37:54.166,INFO,  生产良率:0;同心距:0;角度:0;  
2020-10-29 16:37:54.179,INFO,  检测结果:0;  
2020-10-29 16:37:54.200,DEBUG,  Write Address:25000; Value:[2]  
2020-10-29 16:37:54.233,INFO,  生产总数:0;良品数:0;  
2020-10-29 16:37:54.252,INFO,  生产良率:0;同心距:0;角度:0;  
2020-10-29 16:37:54.270,INFO,  检测结果:0;  
2020-10-29 16:37:54.281,DEBUG,  Write Address:25000; Value:[2]  
2020-10-29 16:38:01.837,ERROR,  PLC回复超时:2000  
2020-10-29 16:38:01.852,INFO,  生产总数:0;良品数:0;  
2020-10-29 16:38:03.504,INFO,  生产良率:0;同心距:0;角度:0;  
2020-10-29 16:38:03.517,INFO,  检测结果:0;  
2020-10-29 16:38:03.528,DEBUG,  Write Address:25000; Value:[2]  
2020-10-29 16:38:04.265,WARN,  流程停止  
2020-10-29 16:38:17.025,WARN,  流程开始  
2020-10-29 16:38:17.051,INFO,  生产总数:0;良品数:0;  
2020-10-29 16:38:17.065,INFO,  生产良率:0;同心距:0;角度:0;  
2020-10-29 16:38:17.086,INFO,  检测结果:0;  
2020-10-29 16:38:17.098,DEBUG,  Write Address:25000; Value:[2]  
2020-10-29 16:38:17.131,INFO,  生产总数:0;良品数:0;  
2020-10-29 16:38:17.153,INFO,  生产良率:0;同心距:0;角度:0;  
2020-10-29 16:38:17.168,INFO,  检测结果:0;  
2020-10-29 16:38:17.187,DEBUG,  Write Address:25000; Value:[2]  
2020-10-29 16:38:17.220,INFO,  生产总数:0;良品数:0;  
2020-10-29 16:38:17.235,INFO,  生产良率:0;同心距:0;角度:0;  
2020-10-29 16:38:17.255,INFO,  检测结果:0;  
2020-10-29 16:38:17.266,DEBUG,  Write Address:25000; Value:[2]  
2020-10-29 16:38:17.299,INFO,  生产总数:0;良品数:0;  
2020-10-29 16:38:17.340,INFO,  生产良率:0;同心距:0;角度:0;  
2020-10-29 16:38:17.362,INFO,  检测结果:0;  
2020-10-29 16:38:17.374,DEBUG,  Write Address:25000; Value:[2]  
2020-10-29 16:38:17.407,INFO,  生产总数:0;良品数:0;  
2020-10-29 16:38:17.430,INFO,  生产良率:0;同心距:0;角度:0;  
2020-10-29 16:38:17.443,INFO,  检测结果:0;  
2020-10-29 16:38:17.464,DEBUG,  Write Address:25000; Value:[2]  
2020-10-29 16:38:17.497,INFO,  生产总数:0;良品数:0;  
2020-10-29 16:38:17.510,INFO,  生产良率:0;同心距:0;角度:0;  
2020-10-29 16:38:17.533,INFO,  检测结果:0;  
2020-10-29 16:38:17.544,DEBUG,  Write Address:25000; Value:[2]  
2020-10-29 16:38:17.577,INFO,  生产总数:0;良品数:0;  
2020-10-29 16:38:17.600,INFO,  生产良率:0;同心距:0;角度:0;  
2020-10-29 16:38:17.611,INFO,  检测结果:0;  
2020-10-29 16:38:17.633,DEBUG,  Write Address:25000; Value:[2]  
2020-10-29 16:38:17.666,INFO,  生产总数:0;良品数:0;  
2020-10-29 16:38:17.680,INFO,  生产良率:0;同心距:0;角度:0;  
2020-10-29 16:38:17.701,INFO,  检测结果:0;  
2020-10-29 16:38:17.713,DEBUG,  Write Address:25000; Value:[2]  
2020-10-29 16:38:17.746,INFO,  生产总数:0;良品数:0;  
2020-10-29 16:38:17.769,INFO,  生产良率:0;同心距:0;角度:0;  
2020-10-29 16:38:17.782,INFO,  检测结果:0;  
2020-10-29 16:38:17.802,DEBUG,  Write Address:25000; Value:[2]  
2020-10-29 16:38:17.838,INFO,  生产总数:0;良品数:0;  
2020-10-29 16:38:17.850,INFO,  生产良率:0;同心距:0;角度:0;  
2020-10-29 16:38:17.873,INFO,  检测结果:0;  
2020-10-29 16:38:17.885,DEBUG,  Write Address:25000; Value:[2]  
2020-10-29 16:38:17.918,INFO,  生产总数:0;良品数:0;  
2020-10-29 16:38:17.940,INFO,  生产良率:0;同心距:0;角度:0;  
2020-10-29 16:38:17.954,INFO,  检测结果:0;  
2020-10-29 16:38:17.974,DEBUG,  Write Address:25000; Value:[2]  
2020-10-29 16:38:18.009,INFO,  生产总数:0;良品数:0;  
2020-10-29 16:38:18.026,INFO,  生产良率:0;同心距:0;角度:0;  
2020-10-29 16:38:18.045,INFO,  检测结果:0;  
2020-10-29 16:38:18.057,DEBUG,  Write Address:25000; Value:[2]  
2020-10-29 16:38:18.090,INFO,  生产总数:0;良品数:0;  
2020-10-29 16:38:18.136,INFO,  生产良率:0;同心距:0;角度:0;  
2020-10-29 16:38:18.154,INFO,  检测结果:0;  
2020-10-29 16:38:18.175,DEBUG,  Write Address:25000; Value:[2]  
2020-10-29 16:38:18.208,INFO,  生产总数:0;良品数:0;  
2020-10-29 16:38:18.220,INFO,  生产良率:0;同心距:0;角度:0;  
2020-10-29 16:38:18.241,INFO,  检测结果:0;  
2020-10-29 16:38:18.253,DEBUG,  Write Address:25000; Value:[2]  
2020-10-29 16:38:18.286,INFO,  生产总数:0;良品数:0;  
2020-10-29 16:38:18.308,INFO,  生产良率:0;同心距:0;角度:0;  
2020-10-29 16:38:18.321,INFO,  检测结果:0;  
2020-10-29 16:38:18.342,DEBUG,  Write Address:25000; Value:[2]  
2020-10-29 16:38:18.375,INFO,  生产总数:0;良品数:0;  
2020-10-29 16:38:18.390,INFO,  生产良率:0;同心距:0;角度:0;  
2020-10-29 16:38:18.411,INFO,  检测结果:0;  
2020-10-29 16:38:18.422,DEBUG,  Write Address:25000; Value:[2]  
2020-10-29 16:38:18.456,INFO,  生产总数:0;良品数:0;  
2020-10-29 16:38:18.477,INFO,  生产良率:0;同心距:0;角度:0;  
2020-10-29 16:38:18.489,INFO,  检测结果:0;  
2020-10-29 16:38:18.510,DEBUG,  Write Address:25000; Value:[2]  
2020-10-29 16:38:18.544,INFO,  生产总数:0;良品数:0;  
2020-10-29 16:38:18.568,INFO,  生产良率:0;同心距:0;角度:0;  
2020-10-29 16:38:18.582,INFO,  检测结果:0;  
2020-10-29 16:38:18.594,DEBUG,  Write Address:25000; Value:[2]  
2020-10-29 16:38:18.630,INFO,  生产总数:0;良品数:0;  
2020-10-29 16:38:18.652,INFO,  生产良率:0;同心距:0;角度:0;  
2020-10-29 16:38:18.662,INFO,  检测结果:0;  
2020-10-29 16:38:18.698,DEBUG,  Write Address:25000; Value:[2]  
2020-10-29 16:38:18.709,DEBUG,  Write Address:25000; Value:[1]  
2020-10-29 16:38:18.752,INFO,  生产总数:0;良品数:0;  
2020-10-29 16:38:18.780,INFO,  生产良率:0;同心距:0;角度:0;  
2020-10-29 16:38:18.815,INFO,  检测结果:0;  
2020-10-29 16:38:18.827,DEBUG,  Write Address:25000; Value:[2]  
2020-10-29 16:38:18.860,INFO,  生产总数:0;良品数:0;  
2020-10-29 16:38:18.873,INFO,  生产良率:0;同心距:0;角度:0;  
2020-10-29 16:38:18.885,INFO,  检测结果:0;  
2020-10-29 16:38:18.896,DEBUG,  Write Address:25000; Value:[2]  
2020-10-29 16:38:18.930,INFO,  生产总数:0;良品数:0;  
2020-10-29 16:38:18.943,INFO,  生产良率:0;同心距:0;角度:0;  
2020-10-29 16:38:18.955,INFO,  检测结果:0;  
2020-10-29 16:38:18.967,DEBUG,  Write Address:25000; Value:[2]  
2020-10-29 16:38:19.001,INFO,  生产总数:0;良品数:0;  
2020-10-29 16:38:19.016,INFO,  生产良率:0;同心距:0;角度:0;  
2020-10-29 16:38:19.030,INFO,  检测结果:0;  
2020-10-29 16:38:19.042,DEBUG,  Write Address:25000; Value:[2]  
2020-10-29 16:38:19.074,INFO,  生产总数:0;良品数:0;  
2020-10-29 16:38:19.088,INFO,  生产良率:0;同心距:0;角度:0;  
2020-10-29 16:38:19.100,INFO,  检测结果:0;  
2020-10-29 16:38:19.112,DEBUG,  Write Address:25000; Value:[2]  
2020-10-29 16:38:19.144,INFO,  生产总数:0;良品数:0;  
2020-10-29 16:38:19.157,INFO,  生产良率:0;同心距:0;角度:0;  
2020-10-29 16:38:19.169,INFO,  检测结果:0;  
2020-10-29 16:38:19.181,DEBUG,  Write Address:25000; Value:[2]  
2020-10-29 16:38:19.216,INFO,  生产总数:0;良品数:0;  
2020-10-29 16:38:19.228,INFO,  生产良率:0;同心距:0;角度:0;  
2020-10-29 16:38:19.245,INFO,  检测结果:0;  
2020-10-29 16:38:19.257,DEBUG,  Write Address:25000; Value:[2]  
2020-10-29 16:38:19.290,INFO,  生产总数:0;良品数:0;  
2020-10-29 16:38:19.303,INFO,  生产良率:0;同心距:0;角度:0;  
2020-10-29 16:38:19.315,INFO,  检测结果:0;  
2020-10-29 16:38:19.327,DEBUG,  Write Address:25000; Value:[2]  
2020-10-29 16:38:19.359,INFO,  生产总数:0;良品数:0;  
2020-10-29 16:38:19.374,INFO,  生产良率:0;同心距:0;角度:0;  
2020-10-29 16:38:19.388,INFO,  检测结果:0;  
2020-10-29 16:38:19.399,DEBUG,  Write Address:25000; Value:[2]  
2020-10-29 16:38:19.432,INFO,  生产总数:0;良品数:0;  
2020-10-29 16:38:19.443,INFO,  生产良率:0;同心距:0;角度:0;  
2020-10-29 16:38:19.456,INFO,  检测结果:0;  
2020-10-29 16:38:19.467,DEBUG,  Write Address:25000; Value:[2]  
2020-10-29 16:38:19.500,INFO,  生产总数:0;良品数:0;  
2020-10-29 16:38:19.512,INFO,  生产良率:0;同心距:0;角度:0;  
2020-10-29 16:38:19.525,INFO,  检测结果:0;  
2020-10-29 16:38:19.537,DEBUG,  Write Address:25000; Value:[2]  
2020-10-29 16:38:19.570,INFO,  生产总数:0;良品数:0;  
2020-10-29 16:38:19.587,INFO,  生产良率:0;同心距:0;角度:0;  
2020-10-29 16:38:19.600,INFO,  检测结果:0;  
2020-10-29 16:38:19.611,DEBUG,  Write Address:25000; Value:[2]  
2020-10-29 16:38:19.645,INFO,  生产总数:0;良品数:0;  
2020-10-29 16:38:19.658,INFO,  生产良率:0;同心距:0;角度:0;  
2020-10-29 16:38:19.670,INFO,  检测结果:0;  
2020-10-29 16:38:19.682,DEBUG,  Write Address:25000; Value:[2]  
2020-10-29 16:38:19.715,INFO,  生产总数:0;良品数:0;  
2020-10-29 16:38:19.734,INFO,  生产良率:0;同心距:0;角度:0;  
2020-10-29 16:38:19.748,INFO,  检测结果:0;  
2020-10-29 16:38:19.759,DEBUG,  Write Address:25000; Value:[2]  
2020-10-29 16:38:19.795,INFO,  生产总数:0;良品数:0;  
2020-10-29 16:38:19.807,INFO,  生产良率:0;同心距:0;角度:0;  
2020-10-29 16:38:19.819,INFO,  检测结果:0;  
2020-10-29 16:38:19.831,DEBUG,  Write Address:25000; Value:[2]  
2020-10-29 16:38:19.867,INFO,  生产总数:0;良品数:0;  
2020-10-29 16:38:19.879,INFO,  生产良率:0;同心距:0;角度:0;  
2020-10-29 16:38:19.891,INFO,  检测结果:0;  
2020-10-29 16:38:19.903,DEBUG,  Write Address:25000; Value:[2]  
2020-10-29 16:38:19.936,INFO,  生产总数:0;良品数:0;  
2020-10-29 16:38:19.952,INFO,  生产良率:0;同心距:0;角度:0;  
2020-10-29 16:38:19.964,INFO,  检测结果:0;  
2020-10-29 16:38:19.976,DEBUG,  Write Address:25000; Value:[2]  
2020-10-29 16:38:20.011,INFO,  生产总数:0;良品数:0;  
2020-10-29 16:38:20.024,INFO,  生产良率:0;同心距:0;角度:0;  
2020-10-29 16:38:20.036,INFO,  检测结果:0;  
2020-10-29 16:38:20.048,DEBUG,  Write Address:25000; Value:[2]  
2020-10-29 16:38:20.080,INFO,  生产总数:0;良品数:0;  
2020-10-29 16:38:20.094,INFO,  生产良率:0;同心距:0;角度:0;  
2020-10-29 16:38:20.107,INFO,  检测结果:0;  
2020-10-29 16:38:20.118,DEBUG,  Write Address:25000; Value:[2]  
2020-10-29 16:38:20.151,INFO,  生产总数:0;良品数:0;  
2020-10-29 16:38:20.164,INFO,  生产良率:0;同心距:0;角度:0;  
2020-10-29 16:38:20.176,INFO,  检测结果:0;  
2020-10-29 16:38:20.188,DEBUG,  Write Address:25000; Value:[2]  
2020-10-29 16:38:20.221,INFO,  生产总数:0;良品数:0;  
2020-10-29 16:38:20.236,INFO,  生产良率:0;同心距:0;角度:0;  
2020-10-29 16:38:20.251,INFO,  检测结果:0;  
2020-10-29 16:38:20.262,DEBUG,  Write Address:25000; Value:[2]  
2020-10-29 16:38:20.284,INFO,  生产总数:0;良品数:0;  
2020-10-29 16:38:20.297,INFO,  生产良率:0;同心距:0;角度:0;  
2020-10-29 16:38:20.310,INFO,  检测结果:0;  
2020-10-29 16:38:20.322,DEBUG,  Write Address:25000; Value:[2]  
2020-10-29 16:38:20.355,INFO,  生产总数:0;良品数:0;  
2020-10-29 16:38:20.368,INFO,  生产良率:0;同心距:0;角度:0;  
2020-10-29 16:38:20.380,INFO,  检测结果:0;  
2020-10-29 16:38:20.391,DEBUG,  Write Address:25000; Value:[2]  
2020-10-29 16:38:20.424,INFO,  生产总数:0;良品数:0;  
2020-10-29 16:38:20.437,INFO,  生产良率:0;同心距:0;角度:0;  
2020-10-29 16:38:20.451,INFO,  检测结果:0;  
2020-10-29 16:38:20.462,DEBUG,  Write Address:25000; Value:[2]  
2020-10-29 16:38:20.496,INFO,  生产总数:0;良品数:0;  
2020-10-29 16:38:20.513,INFO,  生产良率:0;同心距:0;角度:0;  
2020-10-29 16:38:20.526,INFO,  检测结果:0;  
2020-10-29 16:38:20.537,DEBUG,  Write Address:25000; Value:[2]  
2020-10-29 16:38:20.571,INFO,  生产总数:0;良品数:0;  
2020-10-29 16:38:20.583,INFO,  生产良率:0;同心距:0;角度:0;  
2020-10-29 16:38:20.595,INFO,  检测结果:0;  
2020-10-29 16:38:20.607,DEBUG,  Write Address:25000; Value:[2]  
2020-10-29 16:38:20.641,INFO,  生产总数:0;良品数:0;  
2020-10-29 16:38:20.654,INFO,  生产良率:0;同心距:0;角度:0;  
2020-10-29 16:38:20.668,INFO,  检测结果:0;  
2020-10-29 16:38:20.680,DEBUG,  Write Address:25000; Value:[2]  
2020-10-29 16:38:20.714,INFO,  生产总数:0;良品数:0;  
2020-10-29 16:38:20.725,INFO,  生产良率:0;同心距:0;角度:0;  
2020-10-29 16:38:20.738,INFO,  检测结果:0;  
2020-10-29 16:38:20.750,DEBUG,  Write Address:25000; Value:[2]  
2020-10-29 16:38:20.783,INFO,  生产总数:0;良品数:0;  
2020-10-29 16:38:20.794,INFO,  生产良率:0;同心距:0;角度:0;  
2020-10-29 16:38:20.806,INFO,  检测结果:0;  
2020-10-29 16:38:20.818,DEBUG,  Write Address:25000; Value:[2]  
2020-10-29 16:38:20.852,INFO,  生产总数:0;良品数:0;  
2020-10-29 16:38:20.864,INFO,  生产良率:0;同心距:0;角度:0;  
2020-10-29 16:38:20.878,INFO,  检测结果:0;  
2020-10-29 16:38:20.890,DEBUG,  Write Address:25000; Value:[2]  
2020-10-29 16:38:20.924,INFO,  生产总数:0;良品数:0;  
2020-10-29 16:38:20.939,INFO,  生产良率:0;同心距:0;角度:0;  
2020-10-29 16:38:20.951,INFO,  检测结果:0;  
2020-10-29 16:38:20.963,DEBUG,  Write Address:25000; Value:[2]  
2020-10-29 16:38:20.997,INFO,  生产总数:0;良品数:0;  
2020-10-29 16:38:21.015,INFO,  生产良率:0;同心距:0;角度:0;  
2020-10-29 16:38:21.028,INFO,  检测结果:0;  
2020-10-29 16:38:21.040,DEBUG,  Write Address:25000; Value:[2]  
2020-10-29 16:38:21.073,INFO,  生产总数:0;良品数:0;  
2020-10-29 16:38:21.088,INFO,  生产良率:0;同心距:0;角度:0;  
2020-10-29 16:38:21.100,INFO,  检测结果:0;  
2020-10-29 16:38:21.112,DEBUG,  Write Address:25000; Value:[2]  
2020-10-29 16:38:21.145,INFO,  生产总数:0;良品数:0;  
2020-10-29 16:38:21.160,INFO,  生产良率:0;同心距:0;角度:0;  
2020-10-29 16:38:21.172,INFO,  检测结果:0;  
2020-10-29 16:38:21.184,DEBUG,  Write Address:25000; Value:[2]  
2020-10-29 16:38:21.216,INFO,  生产总数:0;良品数:0;  
2020-10-29 16:38:21.229,INFO,  生产良率:0;同心距:0;角度:0;  
2020-10-29 16:38:21.248,INFO,  检测结果:0;  
2020-10-29 16:38:21.260,DEBUG,  Write Address:25000; Value:[2]  
2020-10-29 16:38:21.293,INFO,  生产总数:0;良品数:0;  
2020-10-29 16:38:21.310,INFO,  生产良率:0;同心距:0;角度:0;  
2020-10-29 16:38:21.323,INFO,  检测结果:0;  
2020-10-29 16:38:21.335,DEBUG,  Write Address:25000; Value:[2]  
2020-10-29 16:38:21.368,INFO,  生产总数:0;良品数:0;  
2020-10-29 16:38:21.386,INFO,  生产良率:0;同心距:0;角度:0;  
2020-10-29 16:38:21.405,INFO,  检测结果:0;  
2020-10-29 16:38:21.417,DEBUG,  Write Address:25000; Value:[2]  
2020-10-29 16:38:21.452,INFO,  生产总数:0;良品数:0;  
2020-10-29 16:38:21.465,INFO,  生产良率:0;同心距:0;角度:0;  
2020-10-29 16:38:21.479,INFO,  检测结果:0;  
2020-10-29 16:38:21.491,DEBUG,  Write Address:25000; Value:[2]  
2020-10-29 16:38:21.523,INFO,  生产总数:0;良品数:0;  
2020-10-29 16:38:21.536,INFO,  生产良率:0;同心距:0;角度:0;  
2020-10-29 16:38:21.549,INFO,  检测结果:0;  
2020-10-29 16:38:21.560,DEBUG,  Write Address:25000; Value:[2]  
2020-10-29 16:38:21.594,INFO,  生产总数:0;良品数:0;  
2020-10-29 16:38:21.610,INFO,  生产良率:0;同心距:0;角度:0;  
2020-10-29 16:38:21.621,INFO,  检测结果:0;  
2020-10-29 16:38:21.633,DEBUG,  Write Address:25000; Value:[2]  
2020-10-29 16:38:21.667,INFO,  生产总数:0;良品数:0;  
2020-10-29 16:38:27.718,ERROR,  PLC回复超时:2000  
2020-10-29 16:38:34.119,ERROR,  扫码枪扫码失败  
2020-10-29 16:38:34.131,DEBUG,  Write Address:25000; Value:[3]  
2020-10-29 16:38:34.157,WARN,  流程停止  
2020-10-29 16:38:35.019,WARN,  流程开始  
2020-10-29 16:38:35.052,INFO,  生产总数:0;良品数:0;  
2020-10-29 16:38:35.064,INFO,  生产良率:0;同心距:0;角度:0;  
2020-10-29 16:38:35.087,INFO,  检测结果:0;  
2020-10-29 16:38:35.098,DEBUG,  Write Address:25000; Value:[2]  
2020-10-29 16:38:35.131,INFO,  生产总数:0;良品数:0;  
2020-10-29 16:38:35.153,INFO,  生产良率:0;同心距:0;角度:0;  
2020-10-29 16:38:35.167,INFO,  检测结果:0;  
2020-10-29 16:38:35.188,DEBUG,  Write Address:25000; Value:[2]  
2020-10-29 16:38:35.221,INFO,  生产总数:0;良品数:0;  
2020-10-29 16:38:35.235,INFO,  生产良率:0;同心距:0;角度:0;  
2020-10-29 16:38:35.257,INFO,  检测结果:0;  
2020-10-29 16:38:35.268,DEBUG,  Write Address:25000; Value:[2]  
2020-10-29 16:38:35.301,INFO,  生产总数:0;良品数:0;  
2020-10-29 16:38:35.323,INFO,  生产良率:0;同心距:0;角度:0;  
2020-10-29 16:38:35.337,INFO,  检测结果:0;  
2020-10-29 16:38:35.357,DEBUG,  Write Address:25000; Value:[2]  
2020-10-29 16:38:35.390,INFO,  生产总数:0;良品数:0;  
2020-10-29 16:38:35.402,INFO,  生产良率:0;同心距:0;角度:0;  
2020-10-29 16:38:35.425,INFO,  检测结果:0;  
2020-10-29 16:38:35.437,DEBUG,  Write Address:25000; Value:[2]  
2020-10-29 16:38:35.470,INFO,  生产总数:0;良品数:0;  
2020-10-29 16:38:35.491,INFO,  生产良率:0;同心距:0;角度:0;  
2020-10-29 16:38:35.506,INFO,  检测结果:0;  
2020-10-29 16:38:35.525,DEBUG,  Write Address:25000; Value:[2]  
2020-10-29 16:38:35.557,INFO,  生产总数:0;良品数:0;  
2020-10-29 16:38:35.569,INFO,  生产良率:0;同心距:0;角度:0;  
2020-10-29 16:38:35.591,INFO,  检测结果:0;  
2020-10-29 16:38:35.603,DEBUG,  Write Address:25000; Value:[2]  
2020-10-29 16:38:35.636,INFO,  生产总数:0;良品数:0;  
2020-10-29 16:38:35.658,INFO,  生产良率:0;同心距:0;角度:0;  
2020-10-29 16:38:35.669,INFO,  检测结果:0;  
2020-10-29 16:38:35.690,DEBUG,  Write Address:25000; Value:[2]  
2020-10-29 16:38:35.723,INFO,  生产总数:0;良品数:0;  
2020-10-29 16:38:35.737,INFO,  生产良率:0;同心距:0;角度:0;  
2020-10-29 16:38:35.758,INFO,  检测结果:0;  
2020-10-29 16:38:35.770,DEBUG,  Write Address:25000; Value:[2]  
2020-10-29 16:38:35.803,INFO,  生产总数:0;良品数:0;  
2020-10-29 16:38:35.825,INFO,  生产良率:0;同心距:0;角度:0;  
2020-10-29 16:38:35.837,INFO,  检测结果:0;  
2020-10-29 16:38:35.859,DEBUG,  Write Address:25000; Value:[2]  
2020-10-29 16:38:35.892,INFO,  生产总数:0;良品数:0;  
2020-10-29 16:38:35.910,INFO,  生产良率:0;同心距:0;角度:0;  
2020-10-29 16:38:35.926,INFO,  检测结果:0;  
2020-10-29 16:38:35.938,DEBUG,  Write Address:25000; Value:[2]  
2020-10-29 16:38:35.970,INFO,  生产总数:0;良品数:0;  
2020-10-29 16:38:35.995,INFO,  生产良率:0;同心距:0;角度:0;  
2020-10-29 16:38:36.009,INFO,  检测结果:0;  
2020-10-29 16:38:36.029,DEBUG,  Write Address:25000; Value:[2]  
2020-10-29 16:38:36.061,INFO,  生产总数:0;良品数:0;  
2020-10-29 16:38:36.080,INFO,  生产良率:0;同心距:0;角度:0;  
2020-10-29 16:38:36.097,INFO,  检测结果:0;  
2020-10-29 16:38:36.108,DEBUG,  Write Address:25000; Value:[2]  
2020-10-29 16:38:36.141,INFO,  生产总数:0;良品数:0;  
2020-10-29 16:38:36.163,INFO,  生产良率:0;同心距:0;角度:0;  
2020-10-29 16:38:36.177,INFO,  检测结果:0;  
2020-10-29 16:38:36.196,DEBUG,  Write Address:25000; Value:[2]  
2020-10-29 16:38:36.229,INFO,  生产总数:0;良品数:0;  
2020-10-29 16:38:36.247,INFO,  生产良率:0;同心距:0;角度:0;  
2020-10-29 16:38:36.264,INFO,  检测结果:0;  
2020-10-29 16:38:36.276,DEBUG,  Write Address:25000; Value:[2]  
2020-10-29 16:38:36.309,INFO,  生产总数:0;良品数:0;  
2020-10-29 16:38:36.331,INFO,  生产良率:0;同心距:0;角度:0;  
2020-10-29 16:38:36.343,INFO,  检测结果:0;  
2020-10-29 16:38:36.365,DEBUG,  Write Address:25000; Value:[2]  
2020-10-29 16:38:36.398,INFO,  生产总数:0;良品数:0;  
2020-10-29 16:38:36.416,INFO,  生产良率:0;同心距:0;角度:0;  
2020-10-29 16:38:36.432,INFO,  检测结果:0;  
2020-10-29 16:38:36.444,DEBUG,  Write Address:25000; Value:[2]  
2020-10-29 16:38:36.477,INFO,  生产总数:0;良品数:0;  
2020-10-29 16:38:36.500,INFO,  生产良率:0;同心距:0;角度:0;  
2020-10-29 16:38:36.516,INFO,  检测结果:0;  
2020-10-29 16:38:36.534,DEBUG,  Write Address:25000; Value:[2]  
2020-10-29 16:38:36.568,INFO,  生产总数:0;良品数:0;  
2020-10-29 16:38:36.579,INFO,  生产良率:0;同心距:0;角度:0;  
2020-10-29 16:38:36.602,INFO,  检测结果:0;  
2020-10-29 16:38:36.614,DEBUG,  Write Address:25000; Value:[2]  
2020-10-29 16:38:36.647,INFO,  生产总数:0;良品数:0;  
2020-10-29 16:38:36.670,INFO,  生产良率:0;同心距:0;角度:0;  
2020-10-29 16:38:36.681,INFO,  检测结果:0;  
2020-10-29 16:38:36.703,DEBUG,  Write Address:25000; Value:[2]  
2020-10-29 16:38:36.760,INFO,  生产总数:0;良品数:0;  
2020-10-29 16:38:36.782,INFO,  生产良率:0;同心距:0;角度:0;  
2020-10-29 16:38:36.801,INFO,  检测结果:0;  
2020-10-29 16:38:36.812,DEBUG,  Write Address:25000; Value:[2]  
2020-10-29 16:38:36.845,INFO,  生产总数:0;良品数:0;  
2020-10-29 16:38:36.867,INFO,  生产良率:0;同心距:0;角度:0;  
2020-10-29 16:38:36.883,INFO,  检测结果:0;  
2020-10-29 16:38:36.902,DEBUG,  Write Address:25000; Value:[2]  
2020-10-29 16:38:36.935,INFO,  生产总数:0;良品数:0;  
2020-10-29 16:38:36.947,INFO,  生产良率:0;同心距:0;角度:0;  
2020-10-29 16:38:36.969,INFO,  检测结果:0;  
2020-10-29 16:38:36.980,DEBUG,  Write Address:25000; Value:[2]  
2020-10-29 16:38:37.013,INFO,  生产总数:0;良品数:0;  
2020-10-29 16:38:37.035,INFO,  生产良率:0;同心距:0;角度:0;  
2020-10-29 16:38:37.047,INFO,  检测结果:0;  
2020-10-29 16:38:37.068,DEBUG,  Write Address:25000; Value:[2]  
2020-10-29 16:38:37.101,INFO,  生产总数:0;良品数:0;  
2020-10-29 16:38:37.113,INFO,  生产良率:0;同心距:0;角度:0;  
2020-10-29 16:38:37.136,INFO,  检测结果:0;  
2020-10-29 16:38:37.147,DEBUG,  Write Address:25000; Value:[2]  
2020-10-29 16:38:37.180,INFO,  生产总数:0;良品数:0;  
2020-10-29 16:38:37.202,INFO,  生产良率:0;同心距:0;角度:0;  
2020-10-29 16:38:37.212,DEBUG,  Write Address:25000; Value:[1]  
2020-10-29 16:38:37.225,INFO,  检测结果:0;  
2020-10-29 16:38:37.245,DEBUG,  Write Address:25000; Value:[2]  
2020-10-29 16:38:37.283,INFO,  生产总数:0;良品数:0;  
2020-10-29 16:38:37.311,INFO,  生产良率:0;同心距:0;角度:0;  
2020-10-29 16:38:37.333,INFO,  检测结果:0;  
2020-10-29 16:38:37.344,DEBUG,  Write Address:25000; Value:[2]  
2020-10-29 16:38:37.378,INFO,  生产总数:0;良品数:0;  
2020-10-29 16:38:37.390,INFO,  生产良率:0;同心距:0;角度:0;  
2020-10-29 16:38:37.401,INFO,  检测结果:0;  
2020-10-29 16:38:37.413,DEBUG,  Write Address:25000; Value:[2]  
2020-10-29 16:38:37.446,INFO,  生产总数:0;良品数:0;  
2020-10-29 16:38:37.462,INFO,  生产良率:0;同心距:0;角度:0;  
2020-10-29 16:38:37.474,INFO,  检测结果:0;  
2020-10-29 16:38:37.485,DEBUG,  Write Address:25000; Value:[2]  
2020-10-29 16:38:37.518,INFO,  生产总数:0;良品数:0;  
2020-10-29 16:38:37.532,INFO,  生产良率:0;同心距:0;角度:0;  
2020-10-29 16:38:37.543,INFO,  检测结果:0;  
2020-10-29 16:38:37.555,DEBUG,  Write Address:25000; Value:[2]  
2020-10-29 16:38:37.588,INFO,  生产总数:0;良品数:0;  
2020-10-29 16:38:37.601,INFO,  生产良率:0;同心距:0;角度:0;  
2020-10-29 16:38:37.613,INFO,  检测结果:0;  
2020-10-29 16:38:37.625,DEBUG,  Write Address:25000; Value:[2]  
2020-10-29 16:38:37.658,INFO,  生产总数:0;良品数:0;  
2020-10-29 16:38:37.674,INFO,  生产良率:0;同心距:0;角度:0;  
2020-10-29 16:38:37.686,INFO,  检测结果:0;  
2020-10-29 16:38:37.697,DEBUG,  Write Address:25000; Value:[2]  
2020-10-29 16:38:37.730,INFO,  生产总数:0;良品数:0;  
2020-10-29 16:38:37.743,INFO,  生产良率:0;同心距:0;角度:0;  
2020-10-29 16:38:37.755,INFO,  检测结果:0;  
2020-10-29 16:38:37.767,DEBUG,  Write Address:25000; Value:[2]  
2020-10-29 16:38:37.800,INFO,  生产总数:0;良品数:0;  
2020-10-29 16:38:37.812,INFO,  生产良率:0;同心距:0;角度:0;  
2020-10-29 16:38:37.824,INFO,  检测结果:0;  
2020-10-29 16:38:37.836,DEBUG,  Write Address:25000; Value:[2]  
2020-10-29 16:38:37.869,INFO,  生产总数:0;良品数:0;  
2020-10-29 16:38:37.886,INFO,  生产良率:0;同心距:0;角度:0;  
2020-10-29 16:38:37.902,INFO,  检测结果:0;  
2020-10-29 16:38:37.913,DEBUG,  Write Address:25000; Value:[2]  
2020-10-29 16:38:37.946,INFO,  生产总数:0;良品数:0;  
2020-10-29 16:38:37.961,INFO,  生产良率:0;同心距:0;角度:0;  
2020-10-29 16:38:37.978,INFO,  检测结果:0;  
2020-10-29 16:38:37.989,DEBUG,  Write Address:25000; Value:[2]  
2020-10-29 16:38:38.024,INFO,  生产总数:0;良品数:0;  
2020-10-29 16:38:38.035,INFO,  生产良率:0;同心距:0;角度:0;  
2020-10-29 16:38:38.047,INFO,  检测结果:0;  
2020-10-29 16:38:38.059,DEBUG,  Write Address:25000; Value:[2]  
2020-10-29 16:38:38.093,INFO,  生产总数:0;良品数:0;  
2020-10-29 16:38:38.109,INFO,  生产良率:0;同心距:0;角度:0;  
2020-10-29 16:38:38.122,INFO,  检测结果:0;  
2020-10-29 16:38:38.134,DEBUG,  Write Address:25000; Value:[2]  
2020-10-29 16:38:38.166,INFO,  生产总数:0;良品数:0;  
2020-10-29 16:38:38.181,INFO,  生产良率:0;同心距:0;角度:0;  
2020-10-29 16:38:38.193,INFO,  检测结果:0;  
2020-10-29 16:38:38.205,DEBUG,  Write Address:25000; Value:[2]  
2020-10-29 16:38:38.237,INFO,  生产总数:0;良品数:0;  
2020-10-29 16:38:38.254,INFO,  生产良率:0;同心距:0;角度:0;  
2020-10-29 16:38:38.268,INFO,  检测结果:0;  
2020-10-29 16:38:38.279,DEBUG,  Write Address:25000; Value:[2]  
2020-10-29 16:38:38.310,INFO,  生产总数:0;良品数:0;  
2020-10-29 16:38:38.323,INFO,  生产良率:0;同心距:0;角度:0;  
2020-10-29 16:38:38.336,INFO,  检测结果:0;  
2020-10-29 16:38:38.347,DEBUG,  Write Address:25000; Value:[2]  
2020-10-29 16:38:38.381,INFO,  生产总数:0;良品数:0;  
2020-10-29 16:38:38.394,INFO,  生产良率:0;同心距:0;角度:0;  
2020-10-29 16:38:38.407,INFO,  检测结果:0;  
2020-10-29 16:38:38.419,DEBUG,  Write Address:25000; Value:[2]  
2020-10-29 16:38:38.452,INFO,  生产总数:0;良品数:0;  
2020-10-29 16:38:38.466,INFO,  生产良率:0;同心距:0;角度:0;  
2020-10-29 16:38:38.479,INFO,  检测结果:0;  
2020-10-29 16:38:38.491,DEBUG,  Write Address:25000; Value:[2]  
2020-10-29 16:38:38.526,INFO,  生产总数:0;良品数:0;  
2020-10-29 16:38:38.542,INFO,  生产良率:0;同心距:0;角度:0;  
2020-10-29 16:38:38.557,INFO,  检测结果:0;  
2020-10-29 16:38:38.568,DEBUG,  Write Address:25000; Value:[2]  
2020-10-29 16:38:38.602,INFO,  生产总数:0;良品数:0;  
2020-10-29 16:38:38.615,INFO,  生产良率:0;同心距:0;角度:0;  
2020-10-29 16:38:38.627,INFO,  检测结果:0;  
2020-10-29 16:38:38.639,DEBUG,  Write Address:25000; Value:[2]  
2020-10-29 16:38:38.672,INFO,  生产总数:0;良品数:0;  
2020-10-29 16:38:38.684,INFO,  生产良率:0;同心距:0;角度:0;  
2020-10-29 16:38:38.696,INFO,  检测结果:0;  
2020-10-29 16:38:38.708,DEBUG,  Write Address:25000; Value:[2]  
2020-10-29 16:38:38.742,INFO,  生产总数:0;良品数:0;  
2020-10-29 16:38:38.755,INFO,  生产良率:0;同心距:0;角度:0;  
2020-10-29 16:38:38.767,INFO,  检测结果:0;  
2020-10-29 16:38:38.779,DEBUG,  Write Address:25000; Value:[2]  
2020-10-29 16:38:38.813,INFO,  生产总数:0;良品数:0;  
2020-10-29 16:38:41.203,ERROR,  PLC回复超时:2000  
2020-10-29 16:51:50.747,WARN,  流程开始  
2020-10-29 16:51:53.172,DEBUG,  Write Address:25000; Value:[1]  
2020-10-29 16:51:53.175,INFO,  生产总数:0;良品数:0;  
2020-10-29 16:51:53.178,INFO,  生产良率:0;同心距:0;角度:0;  
2020-10-29 16:51:53.185,INFO,  检测结果:0;  
2020-10-29 16:51:53.216,INFO,  Mes连接成功  
2020-10-29 16:51:53.217,DEBUG,  Write Address:25000; Value:[2]  
2020-10-29 16:51:56.644,ERROR,  扫码枪扫码失败  
2020-10-29 16:51:56.645,DEBUG,  Write Address:25000; Value:[3]  
2020-10-29 16:51:58.224,DEBUG,  Write Address:25000; Value:[1]  
2020-10-29 16:51:58.271,INFO,  生产总数:0;良品数:0;  
2020-10-29 16:51:58.277,INFO,  生产良率:0;同心距:0;角度:0;  
2020-10-29 16:51:58.283,INFO,  检测结果:0;  
2020-10-29 16:51:58.284,DEBUG,  Write Address:25000; Value:[2]  
2020-10-29 16:51:59.344,ERROR,  扫码枪扫码失败  
2020-10-29 16:51:59.345,DEBUG,  Write Address:25000; Value:[3]  
2020-10-29 16:52:02.314,WARN,  流程停止  
